0 verbose cli C:\Program Files\nodejs\node.exe C:\Program Files\nodejs\node_modules\npm\bin\npm-cli.js
1 info using npm@11.11.0
2 info using node@v24.14.1
3 silly config load:file:C:\Program Files\nodejs\node_modules\npm\npmrc
4 silly config load:file:C:\Users\Natsu\Documents\Codex\2026-06-29\build-a-google-maps-style-campus\.npmrc
5 silly config load:file:C:\Users\Natsu\.npmrc
6 silly config load:file:C:\Users\Natsu\AppData\Roaming\npm\etc\npmrc
7 verbose title npm install
8 verbose argv "install" "--cache" ".\\work\\npm-cache"
9 verbose logfile logs-max:10 dir:C:\Users\Natsu\Documents\Codex\2026-06-29\build-a-google-maps-style-campus\work\npm-cache\_logs\2026-06-29T12_14_11_675Z-
10 verbose logfile C:\Users\Natsu\Documents\Codex\2026-06-29\build-a-google-maps-style-campus\work\npm-cache\_logs\2026-06-29T12_14_11_675Z-debug-0.log
11 silly logfile done cleaning log files
12 silly packumentCache heap:4496293888 maxSize:1124073472 maxEntrySize:562036736
13 silly idealTree buildDeps
14 silly fetch manifest lucide-preact@^0.468.0
15 silly packumentCache full:https://registry.npmjs.org/lucide-preact cache-miss
16 http fetch GET 200 https://registry.npmjs.org/lucide-preact 1437ms (cache miss)
17 silly packumentCache full:https://registry.npmjs.org/lucide-preact set size:undefined disposed:false
18 silly fetch manifest preact@^10.29.3
19 silly packumentCache full:https://registry.npmjs.org/preact cache-miss
20 http fetch GET 200 https://registry.npmjs.org/preact 138ms (cache revalidated)
21 silly packumentCache full:https://registry.npmjs.org/preact set size:1836603 disposed:false
22 silly fetch manifest maplibre-gl@^4.7.1
23 silly packumentCache full:https://registry.npmjs.org/maplibre-gl cache-miss
24 http fetch GET 200 https://registry.npmjs.org/maplibre-gl 457ms (cache miss)
25 silly packumentCache full:https://registry.npmjs.org/maplibre-gl set size:undefined disposed:false
26 silly fetch manifest @preact/preset-vite@^2.10.2
27 silly packumentCache full:https://registry.npmjs.org/@preact%2fpreset-vite cache-miss
28 http fetch GET 200 https://registry.npmjs.org/@preact%2fpreset-vite 603ms (cache miss)
29 silly packumentCache full:https://registry.npmjs.org/@preact%2fpreset-vite set size:undefined disposed:false
30 silly fetch manifest @babel/core@7.x
31 silly packumentCache full:https://registry.npmjs.org/@babel%2fcore cache-miss
32 http fetch GET 200 https://registry.npmjs.org/@babel%2fcore 377ms (cache miss)
33 silly packumentCache full:https://registry.npmjs.org/@babel%2fcore set size:undefined disposed:false
34 silly fetch manifest vite@^5.4.11
35 silly packumentCache full:https://registry.npmjs.org/vite cache-miss
36 http fetch GET 200 https://registry.npmjs.org/vite 9363ms (cache miss)
37 silly packumentCache full:https://registry.npmjs.org/vite set size:undefined disposed:false
38 silly fetch manifest @types/node@^18.0.0 || >=20.0.0
39 silly packumentCache full:https://registry.npmjs.org/@types%2fnode cache-miss
40 http fetch GET 200 https://registry.npmjs.org/@types%2fnode 3505ms (cache miss)
41 silly packumentCache full:https://registry.npmjs.org/@types%2fnode set size:undefined disposed:false
42 silly fetch manifest less@*
43 silly packumentCache full:https://registry.npmjs.org/less cache-miss
44 http fetch GET 200 https://registry.npmjs.org/less 184ms (cache miss)
45 silly packumentCache full:https://registry.npmjs.org/less set size:undefined disposed:false
46 silly fetch manifest lightningcss@^1.21.0
47 silly packumentCache full:https://registry.npmjs.org/lightningcss cache-miss
48 http fetch GET 200 https://registry.npmjs.org/lightningcss 263ms (cache miss)
49 silly packumentCache full:https://registry.npmjs.org/lightningcss set size:undefined disposed:false
50 silly fetch manifest sass@*
51 silly packumentCache full:https://registry.npmjs.org/sass cache-miss
52 http fetch GET 200 https://registry.npmjs.org/sass 530ms (cache miss)
53 silly packumentCache full:https://registry.npmjs.org/sass set size:undefined disposed:false
54 silly fetch manifest sass-embedded@*
55 silly packumentCache full:https://registry.npmjs.org/sass-embedded cache-miss
56 http fetch GET 200 https://registry.npmjs.org/sass-embedded 282ms (cache miss)
57 silly packumentCache full:https://registry.npmjs.org/sass-embedded set size:undefined disposed:false
58 silly fetch manifest stylus@*
59 silly packumentCache full:https://registry.npmjs.org/stylus cache-miss
60 http fetch GET 200 https://registry.npmjs.org/stylus 246ms (cache miss)
61 silly packumentCache full:https://registry.npmjs.org/stylus set size:undefined disposed:false
62 silly fetch manifest sugarss@*
63 silly packumentCache full:https://registry.npmjs.org/sugarss cache-miss
64 http fetch GET 200 https://registry.npmjs.org/sugarss 103ms (cache miss)
65 silly packumentCache full:https://registry.npmjs.org/sugarss set size:undefined disposed:false
66 silly fetch manifest postcss@^8.3.3
67 silly packumentCache full:https://registry.npmjs.org/postcss cache-miss
68 http fetch GET 200 https://registry.npmjs.org/postcss 252ms (cache miss)
69 silly packumentCache full:https://registry.npmjs.org/postcss set size:undefined disposed:false
70 silly fetch manifest terser@^5.4.0
71 silly packumentCache full:https://registry.npmjs.org/terser cache-miss
72 http fetch GET 200 https://registry.npmjs.org/terser 325ms (cache miss)
73 silly packumentCache full:https://registry.npmjs.org/terser set size:undefined disposed:false
74 silly fetch manifest typescript@^5.6.3
75 silly packumentCache full:https://registry.npmjs.org/typescript cache-miss
76 http fetch GET 200 https://registry.npmjs.org/typescript 3007ms (cache miss)
77 silly packumentCache full:https://registry.npmjs.org/typescript set size:undefined disposed:false
78 silly placeDep ROOT @preact/preset-vite@2.10.5 OK for: kmutnb-campus-navigator@0.1.0 want: ^2.10.2
79 silly placeDep ROOT @babel/core@7.29.7 OK for: @preact/preset-vite@2.10.5 want: 7.x
80 silly placeDep ROOT vite@5.4.21 OK for: @preact/preset-vite@2.10.5 want: 2.x || 3.x || 4.x || 5.x || 6.x || 7.x || 8.x
81 silly placeDep ROOT lucide-preact@0.468.0 OK for: kmutnb-campus-navigator@0.1.0 want: ^0.468.0
82 silly placeDep ROOT preact@10.29.3 OK for: lucide-preact@0.468.0 want: ^10.5.13
83 silly placeDep ROOT maplibre-gl@4.7.1 OK for: kmutnb-campus-navigator@0.1.0 want: ^4.7.1
84 silly placeDep ROOT typescript@5.9.3 OK for: kmutnb-campus-navigator@0.1.0 want: ^5.6.3
85 silly fetch manifest @babel/plugin-transform-react-jsx@^7.27.1
86 silly packumentCache full:https://registry.npmjs.org/@babel%2fplugin-transform-react-jsx cache-miss
87 silly fetch manifest @babel/plugin-transform-react-jsx-development@^7.27.1
88 silly packumentCache full:https://registry.npmjs.org/@babel%2fplugin-transform-react-jsx-development cache-miss
89 silly fetch manifest @prefresh/vite@^2.4.11
90 silly packumentCache full:https://registry.npmjs.org/@prefresh%2fvite cache-miss
91 silly fetch manifest @rollup/pluginutils@^5.0.0
92 silly packumentCache full:https://registry.npmjs.org/@rollup%2fpluginutils cache-miss
93 silly fetch manifest babel-plugin-transform-hook-names@^1.0.2
94 silly packumentCache full:https://registry.npmjs.org/babel-plugin-transform-hook-names cache-miss
95 silly fetch manifest debug@^4.4.3
96 silly packumentCache full:https://registry.npmjs.org/debug cache-miss
97 silly fetch manifest magic-string@^0.30.21
98 silly packumentCache full:https://registry.npmjs.org/magic-string cache-miss
99 http fetch GET 200 https://registry.npmjs.org/@babel%2fplugin-transform-react-jsx 221ms (cache miss)
100 silly packumentCache full:https://registry.npmjs.org/@babel%2fplugin-transform-react-jsx set size:undefined disposed:false
101 silly fetch manifest picocolors@^1.1.1
102 silly packumentCache full:https://registry.npmjs.org/picocolors cache-miss
103 http fetch GET 200 https://registry.npmjs.org/picocolors 129ms (cache miss)
104 silly packumentCache full:https://registry.npmjs.org/picocolors set size:undefined disposed:false
105 silly fetch manifest vite-prerender-plugin@^0.5.8
106 silly packumentCache full:https://registry.npmjs.org/vite-prerender-plugin cache-miss
107 http fetch GET 200 https://registry.npmjs.org/@babel%2fplugin-transform-react-jsx-development 451ms (cache miss)
108 silly packumentCache full:https://registry.npmjs.org/@babel%2fplugin-transform-react-jsx-development set size:undefined disposed:false
109 silly fetch manifest zimmerframe@^1.1.4
110 silly packumentCache full:https://registry.npmjs.org/zimmerframe cache-miss
111 http fetch GET 200 https://registry.npmjs.org/vite-prerender-plugin 143ms (cache miss)
112 silly packumentCache full:https://registry.npmjs.org/vite-prerender-plugin set size:undefined disposed:false
113 silly fetch manifest rollup@^4.20.0
114 silly packumentCache full:https://registry.npmjs.org/rollup cache-miss
115 http fetch GET 200 https://registry.npmjs.org/@rollup%2fpluginutils 564ms (cache miss)
116 silly packumentCache full:https://registry.npmjs.org/@rollup%2fpluginutils set size:undefined disposed:false
117 silly fetch manifest esbuild@^0.21.3
118 silly packumentCache full:https://registry.npmjs.org/esbuild cache-miss
119 http fetch GET 200 https://registry.npmjs.org/debug 643ms (cache miss)
120 silly packumentCache full:https://registry.npmjs.org/debug set size:undefined disposed:false
121 silly fetch manifest postcss@^8.4.43
122 silly packumentCache full:https://registry.npmjs.org/postcss cache-miss
123 http fetch GET 200 https://registry.npmjs.org/magic-string 669ms (cache miss)
124 silly packumentCache full:https://registry.npmjs.org/magic-string set size:undefined disposed:false
125 silly fetch manifest fsevents@~2.3.3
126 silly packumentCache full:https://registry.npmjs.org/fsevents cache-miss
127 http fetch GET 200 https://registry.npmjs.org/zimmerframe 223ms (cache miss)
128 silly packumentCache full:https://registry.npmjs.org/zimmerframe set size:undefined disposed:false
129 silly fetch manifest debug@^4.1.0
130 silly packumentCache full:https://registry.npmjs.org/debug cache-miss
131 http cache https://registry.npmjs.org/postcss 28ms (cache hit)
132 silly packumentCache full:https://registry.npmjs.org/postcss set size:726591 disposed:false
133 silly fetch manifest json5@^2.2.3
134 silly packumentCache full:https://registry.npmjs.org/json5 cache-miss
135 http fetch GET 200 https://registry.npmjs.org/babel-plugin-transform-hook-names 699ms (cache miss)
136 silly packumentCache full:https://registry.npmjs.org/babel-plugin-transform-hook-names set size:undefined disposed:false
137 silly fetch manifest semver@^6.3.1
138 silly packumentCache full:https://registry.npmjs.org/semver cache-miss
139 http cache https://registry.npmjs.org/debug 29ms (cache hit)
140 silly packumentCache full:https://registry.npmjs.org/debug set size:195840 disposed:false
141 silly fetch manifest gensync@^1.0.0-beta.2
142 silly packumentCache full:https://registry.npmjs.org/gensync cache-miss
143 http fetch GET 200 https://registry.npmjs.org/fsevents 148ms (cache miss)
144 silly packumentCache full:https://registry.npmjs.org/fsevents set size:undefined disposed:false
145 silly fetch manifest @babel/types@^7.29.7
146 silly packumentCache full:https://registry.npmjs.org/@babel%2ftypes cache-miss
147 http fetch GET 200 https://registry.npmjs.org/gensync 260ms (cache miss)
148 silly packumentCache full:https://registry.npmjs.org/gensync set size:undefined disposed:false
149 silly fetch manifest @babel/parser@^7.29.7
150 silly packumentCache full:https://registry.npmjs.org/@babel%2fparser cache-miss
151 http fetch GET 200 https://registry.npmjs.org/json5 288ms (cache miss)
152 silly packumentCache full:https://registry.npmjs.org/json5 set size:undefined disposed:false
153 silly fetch manifest @babel/helpers@^7.29.7
154 silly packumentCache full:https://registry.npmjs.org/@babel%2fhelpers cache-miss
155 http fetch GET 200 https://registry.npmjs.org/semver 293ms (cache miss)
156 silly packumentCache full:https://registry.npmjs.org/semver set size:undefined disposed:false
157 silly fetch manifest @babel/template@^7.29.7
158 silly packumentCache full:https://registry.npmjs.org/@babel%2ftemplate cache-miss
159 http fetch GET 200 https://registry.npmjs.org/@prefresh%2fvite 1250ms (cache miss)
160 silly packumentCache full:https://registry.npmjs.org/@prefresh%2fvite set size:undefined disposed:false
161 silly fetch manifest @babel/traverse@^7.29.7
162 silly packumentCache full:https://registry.npmjs.org/@babel%2ftraverse cache-miss
163 http fetch GET 200 https://registry.npmjs.org/@babel%2ftemplate 290ms (cache miss)
164 silly packumentCache full:https://registry.npmjs.org/@babel%2ftemplate set size:undefined disposed:false
165 silly fetch manifest @babel/generator@^7.29.7
166 silly packumentCache full:https://registry.npmjs.org/@babel%2fgenerator cache-miss
167 http fetch GET 200 https://registry.npmjs.org/@babel%2fhelpers 420ms (cache miss)
168 silly packumentCache full:https://registry.npmjs.org/@babel%2fhelpers set size:undefined disposed:false
169 silly fetch manifest @babel/code-frame@^7.29.7
170 silly packumentCache full:https://registry.npmjs.org/@babel%2fcode-frame cache-miss
171 http fetch GET 200 https://registry.npmjs.org/@babel%2ftypes 607ms (cache miss)
172 silly packumentCache full:https://registry.npmjs.org/@babel%2ftypes set size:undefined disposed:false
173 silly fetch manifest convert-source-map@^2.0.0
174 silly packumentCache full:https://registry.npmjs.org/convert-source-map cache-miss
175 http fetch GET 200 https://registry.npmjs.org/@babel%2fparser 552ms (cache miss)
176 silly packumentCache full:https://registry.npmjs.org/@babel%2fparser set size:undefined disposed:false
177 silly fetch manifest @jridgewell/remapping@^2.3.5
178 silly packumentCache full:https://registry.npmjs.org/@jridgewell%2fremapping cache-miss
179 http fetch GET 200 https://registry.npmjs.org/@babel%2fgenerator 496ms (cache miss)
180 silly packumentCache full:https://registry.npmjs.org/@babel%2fgenerator set size:undefined disposed:false
181 silly fetch manifest @babel/helper-module-transforms@^7.29.7
182 silly packumentCache full:https://registry.npmjs.org/@babel%2fhelper-module-transforms cache-miss
183 http fetch GET 200 https://registry.npmjs.org/@babel%2ftraverse 538ms (cache miss)
184 silly packumentCache full:https://registry.npmjs.org/@babel%2ftraverse set size:undefined disposed:false
185 silly fetch manifest @babel/helper-compilation-targets@^7.29.7
186 silly packumentCache full:https://registry.npmjs.org/@babel%2fhelper-compilation-targets cache-miss
187 http fetch GET 200 https://registry.npmjs.org/esbuild 1284ms (cache miss)
188 silly packumentCache full:https://registry.npmjs.org/esbuild set size:undefined disposed:false
189 silly fetch manifest pbf@^3.3.0
190 silly packumentCache full:https://registry.npmjs.org/pbf cache-miss
191 http fetch GET 200 https://registry.npmjs.org/convert-source-map 452ms (cache miss)
192 silly packumentCache full:https://registry.npmjs.org/convert-source-map set size:undefined disposed:false
193 silly fetch manifest earcut@^3.0.0
194 silly packumentCache full:https://registry.npmjs.org/earcut cache-miss
195 http fetch GET 200 https://registry.npmjs.org/@babel%2fcode-frame 485ms (cache miss)
196 silly packumentCache full:https://registry.npmjs.org/@babel%2fcode-frame set size:undefined disposed:false
197 silly fetch manifest kdbush@^4.0.2
198 silly packumentCache full:https://registry.npmjs.org/kdbush cache-miss
199 http fetch GET 200 https://registry.npmjs.org/@jridgewell%2fremapping 364ms (cache miss)
200 silly packumentCache full:https://registry.npmjs.org/@jridgewell%2fremapping set size:undefined disposed:false
201 silly fetch manifest vt-pbf@^3.1.3
202 silly packumentCache full:https://registry.npmjs.org/vt-pbf cache-miss
203 http fetch GET 200 https://registry.npmjs.org/rollup 1532ms (cache miss)
204 silly packumentCache full:https://registry.npmjs.org/rollup set size:undefined disposed:false
205 silly fetch manifest potpack@^2.0.0
206 silly packumentCache full:https://registry.npmjs.org/potpack cache-miss
207 http fetch GET 200 https://registry.npmjs.org/kdbush 196ms (cache miss)
208 silly packumentCache full:https://registry.npmjs.org/kdbush set size:undefined disposed:false
209 silly fetch manifest gl-matrix@^3.4.3
210 silly packumentCache full:https://registry.npmjs.org/gl-matrix cache-miss
211 http fetch GET 200 https://registry.npmjs.org/vt-pbf 195ms (cache miss)
212 silly packumentCache full:https://registry.npmjs.org/vt-pbf set size:undefined disposed:false
213 silly fetch manifest tinyqueue@^3.0.0
214 silly packumentCache full:https://registry.npmjs.org/tinyqueue cache-miss
215 http fetch GET 200 https://registry.npmjs.org/pbf 226ms (cache miss)
216 silly packumentCache full:https://registry.npmjs.org/pbf set size:undefined disposed:false
217 silly fetch manifest @types/pbf@^3.0.5
218 silly packumentCache full:https://registry.npmjs.org/@types%2fpbf cache-miss
219 http fetch GET 200 https://registry.npmjs.org/earcut 209ms (cache miss)
220 silly packumentCache full:https://registry.npmjs.org/earcut set size:undefined disposed:false
221 silly fetch manifest geojson-vt@^4.0.2
222 silly packumentCache full:https://registry.npmjs.org/geojson-vt cache-miss
223 http fetch GET 200 https://registry.npmjs.org/@babel%2fhelper-compilation-targets 484ms (cache miss)
224 silly packumentCache full:https://registry.npmjs.org/@babel%2fhelper-compilation-targets set size:undefined disposed:false
225 silly fetch manifest quickselect@^3.0.0
226 silly packumentCache full:https://registry.npmjs.org/quickselect cache-miss
227 http fetch GET 200 https://registry.npmjs.org/@babel%2fhelper-module-transforms 495ms (cache miss)
228 silly packumentCache full:https://registry.npmjs.org/@babel%2fhelper-module-transforms set size:undefined disposed:false
229 silly fetch manifest supercluster@^8.0.1
230 silly packumentCache full:https://registry.npmjs.org/supercluster cache-miss
231 http fetch GET 200 https://registry.npmjs.org/potpack 270ms (cache miss)
232 silly packumentCache full:https://registry.npmjs.org/potpack set size:undefined disposed:false
233 silly fetch manifest global-prefix@^4.0.0
234 silly packumentCache full:https://registry.npmjs.org/global-prefix cache-miss
235 http fetch GET 200 https://registry.npmjs.org/geojson-vt 239ms (cache miss)
236 silly packumentCache full:https://registry.npmjs.org/geojson-vt set size:undefined disposed:false
237 silly fetch manifest murmurhash-js@^1.0.0
238 silly packumentCache full:https://registry.npmjs.org/murmurhash-js cache-miss
239 http fetch GET 200 https://registry.npmjs.org/@types%2fpbf 263ms (cache miss)
240 silly packumentCache full:https://registry.npmjs.org/@types%2fpbf set size:undefined disposed:false
241 silly fetch manifest @types/geojson@^7946.0.14
242 silly packumentCache full:https://registry.npmjs.org/@types%2fgeojson cache-miss
243 http fetch GET 200 https://registry.npmjs.org/tinyqueue 269ms (cache miss)
244 silly packumentCache full:https://registry.npmjs.org/tinyqueue set size:undefined disposed:false
245 silly fetch manifest @mapbox/tiny-sdf@^2.0.6
246 silly packumentCache full:https://registry.npmjs.org/@mapbox%2ftiny-sdf cache-miss
247 http fetch GET 200 https://registry.npmjs.org/murmurhash-js 208ms (cache miss)
248 silly packumentCache full:https://registry.npmjs.org/murmurhash-js set size:undefined disposed:false
249 silly fetch manifest @mapbox/whoots-js@^3.1.0
250 silly packumentCache full:https://registry.npmjs.org/@mapbox%2fwhoots-js cache-miss
251 http fetch GET 200 https://registry.npmjs.org/global-prefix 214ms (cache miss)
252 silly packumentCache full:https://registry.npmjs.org/global-prefix set size:undefined disposed:false
253 silly fetch manifest @types/geojson-vt@3.2.5
254 silly packumentCache full:https://registry.npmjs.org/@types%2fgeojson-vt cache-miss
255 http fetch GET 200 https://registry.npmjs.org/supercluster 268ms (cache miss)
256 silly packumentCache full:https://registry.npmjs.org/supercluster set size:undefined disposed:false
257 silly fetch manifest @mapbox/unitbezier@^0.0.1
258 silly packumentCache full:https://registry.npmjs.org/@mapbox%2funitbezier cache-miss
259 http fetch GET 200 https://registry.npmjs.org/gl-matrix 468ms (cache miss)
260 silly packumentCache full:https://registry.npmjs.org/gl-matrix set size:undefined disposed:false
261 silly fetch manifest @mapbox/vector-tile@^1.3.1
262 silly packumentCache full:https://registry.npmjs.org/@mapbox%2fvector-tile cache-miss
263 http fetch GET 200 https://registry.npmjs.org/@types%2fgeojson 237ms (cache miss)
264 silly packumentCache full:https://registry.npmjs.org/@types%2fgeojson set size:undefined disposed:false
265 silly fetch manifest @types/supercluster@^7.1.3
266 silly packumentCache full:https://registry.npmjs.org/@types%2fsupercluster cache-miss
267 http fetch GET 200 https://registry.npmjs.org/quickselect 439ms (cache miss)
268 silly packumentCache full:https://registry.npmjs.org/quickselect set size:undefined disposed:false
269 silly fetch manifest @mapbox/geojson-rewind@^0.5.2
270 silly packumentCache full:https://registry.npmjs.org/@mapbox%2fgeojson-rewind cache-miss
271 http fetch GET 200 https://registry.npmjs.org/@mapbox%2ftiny-sdf 375ms (cache miss)
272 silly packumentCache full:https://registry.npmjs.org/@mapbox%2ftiny-sdf set size:undefined disposed:false
273 silly fetch manifest @mapbox/point-geometry@^0.1.0
274 silly packumentCache full:https://registry.npmjs.org/@mapbox%2fpoint-geometry cache-miss
275 http fetch GET 200 https://registry.npmjs.org/@mapbox%2fwhoots-js 232ms (cache miss)
276 silly packumentCache full:https://registry.npmjs.org/@mapbox%2fwhoots-js set size:undefined disposed:false
277 silly fetch manifest @types/mapbox__vector-tile@^1.3.4
278 silly packumentCache full:https://registry.npmjs.org/@types%2fmapbox__vector-tile cache-miss
279 http fetch GET 200 https://registry.npmjs.org/@types%2fsupercluster 187ms (cache miss)
280 silly packumentCache full:https://registry.npmjs.org/@types%2fsupercluster set size:undefined disposed:false
281 silly fetch manifest @types/mapbox__point-geometry@^0.1.4
282 silly packumentCache full:https://registry.npmjs.org/@types%2fmapbox__point-geometry cache-miss
283 http fetch GET 200 https://registry.npmjs.org/@mapbox%2funitbezier 242ms (cache miss)
284 silly packumentCache full:https://registry.npmjs.org/@mapbox%2funitbezier set size:undefined disposed:false
285 silly fetch manifest @maplibre/maplibre-gl-style-spec@^20.3.1
286 silly packumentCache full:https://registry.npmjs.org/@maplibre%2fmaplibre-gl-style-spec cache-miss
287 http fetch GET 200 https://registry.npmjs.org/@types%2fgeojson-vt 284ms (cache miss)
288 silly packumentCache full:https://registry.npmjs.org/@types%2fgeojson-vt set size:undefined disposed:false
289 silly fetch manifest @mapbox/jsonlint-lines-primitives@^2.0.2
290 silly packumentCache full:https://registry.npmjs.org/@mapbox%2fjsonlint-lines-primitives cache-miss
291 http fetch GET 200 https://registry.npmjs.org/@types%2fmapbox__vector-tile 118ms (cache miss)
292 silly packumentCache full:https://registry.npmjs.org/@types%2fmapbox__vector-tile set size:undefined disposed:false
293 http fetch GET 200 https://registry.npmjs.org/@mapbox%2fpoint-geometry 165ms (cache miss)
294 silly packumentCache full:https://registry.npmjs.org/@mapbox%2fpoint-geometry set size:undefined disposed:false
295 http fetch GET 200 https://registry.npmjs.org/@types%2fmapbox__point-geometry 153ms (cache miss)
296 silly packumentCache full:https://registry.npmjs.org/@types%2fmapbox__point-geometry set size:undefined disposed:false
297 http fetch GET 200 https://registry.npmjs.org/@mapbox%2fjsonlint-lines-primitives 189ms (cache miss)
298 silly packumentCache full:https://registry.npmjs.org/@mapbox%2fjsonlint-lines-primitives set size:undefined disposed:false
299 http fetch GET 200 https://registry.npmjs.org/@maplibre%2fmaplibre-gl-style-spec 458ms (cache miss)
300 silly packumentCache full:https://registry.npmjs.org/@maplibre%2fmaplibre-gl-style-spec set size:undefined disposed:false
301 http fetch GET 200 https://registry.npmjs.org/@mapbox%2fgeojson-rewind 544ms (cache miss)
302 silly packumentCache full:https://registry.npmjs.org/@mapbox%2fgeojson-rewind set size:undefined disposed:false
303 http fetch GET 200 https://registry.npmjs.org/@mapbox%2fvector-tile 768ms (cache miss)
304 silly packumentCache full:https://registry.npmjs.org/@mapbox%2fvector-tile set size:undefined disposed:false
305 silly fetch manifest @babel/core@^7.0.0
306 silly packumentCache full:https://registry.npmjs.org/@babel%2fcore cache-miss
307 http cache https://registry.npmjs.org/@babel%2fcore 10ms (cache hit)
308 silly packumentCache full:https://registry.npmjs.org/@babel%2fcore set size:788258 disposed:false
309 silly placeDep ROOT @babel/code-frame@7.29.7 OK for: @babel/core@7.29.7 want: ^7.29.7
310 silly placeDep ROOT @babel/generator@7.29.7 OK for: @babel/core@7.29.7 want: ^7.29.7
311 silly placeDep ROOT @babel/helper-compilation-targets@7.29.7 OK for: @babel/core@7.29.7 want: ^7.29.7
312 silly placeDep ROOT @babel/helper-module-transforms@7.29.7 OK for: @babel/core@7.29.7 want: ^7.29.7
313 silly placeDep ROOT @babel/helpers@7.29.7 OK for: @babel/core@7.29.7 want: ^7.29.7
314 silly placeDep ROOT @babel/parser@7.29.7 OK for: @babel/core@7.29.7 want: ^7.29.7
315 silly placeDep ROOT @babel/template@7.29.7 OK for: @babel/core@7.29.7 want: ^7.29.7
316 silly placeDep ROOT @babel/traverse@7.29.7 OK for: @babel/core@7.29.7 want: ^7.29.7
317 silly placeDep ROOT @babel/types@7.29.7 OK for: @babel/core@7.29.7 want: ^7.29.7
318 silly placeDep ROOT @jridgewell/remapping@2.3.5 OK for: @babel/core@7.29.7 want: ^2.3.5
319 silly placeDep ROOT convert-source-map@2.0.0 OK for: @babel/core@7.29.7 want: ^2.0.0
320 silly placeDep ROOT debug@4.4.3 OK for: @babel/core@7.29.7 want: ^4.1.0
321 silly placeDep ROOT gensync@1.0.0-beta.2 OK for: @babel/core@7.29.7 want: ^1.0.0-beta.2
322 silly placeDep ROOT json5@2.2.3 OK for: @babel/core@7.29.7 want: ^2.2.3
323 silly placeDep ROOT semver@6.3.1 OK for: @babel/core@7.29.7 want: ^6.3.1
324 silly fetch manifest js-tokens@^4.0.0
325 silly packumentCache full:https://registry.npmjs.org/js-tokens cache-miss
326 silly fetch manifest @babel/helper-validator-identifier@^7.29.7
327 silly packumentCache full:https://registry.npmjs.org/@babel%2fhelper-validator-identifier cache-miss
328 silly fetch manifest jsesc@^3.0.2
329 silly packumentCache full:https://registry.npmjs.org/jsesc cache-miss
330 silly fetch manifest @jridgewell/gen-mapping@^0.3.12
331 silly packumentCache full:https://registry.npmjs.org/@jridgewell%2fgen-mapping cache-miss
332 silly fetch manifest @jridgewell/trace-mapping@^0.3.28
333 silly packumentCache full:https://registry.npmjs.org/@jridgewell%2ftrace-mapping cache-miss
334 silly fetch manifest lru-cache@^5.1.1
335 silly packumentCache full:https://registry.npmjs.org/lru-cache cache-miss
336 silly fetch manifest browserslist@^4.24.0
337 silly packumentCache full:https://registry.npmjs.org/browserslist cache-miss
338 http fetch GET 200 https://registry.npmjs.org/js-tokens 124ms (cache miss)
339 silly packumentCache full:https://registry.npmjs.org/js-tokens set size:undefined disposed:false
340 silly fetch manifest @babel/compat-data@^7.29.7
341 silly packumentCache full:https://registry.npmjs.org/@babel%2fcompat-data cache-miss
342 http fetch GET 200 https://registry.npmjs.org/jsesc 154ms (cache miss)
343 silly packumentCache full:https://registry.npmjs.org/jsesc set size:undefined disposed:false
344 silly fetch manifest @babel/helper-validator-option@^7.29.7
345 silly packumentCache full:https://registry.npmjs.org/@babel%2fhelper-validator-option cache-miss
346 http fetch GET 200 https://registry.npmjs.org/@babel%2fhelper-validator-identifier 268ms (cache miss)
347 silly packumentCache full:https://registry.npmjs.org/@babel%2fhelper-validator-identifier set size:undefined disposed:false
348 silly fetch manifest @babel/helper-module-imports@^7.29.7
349 silly packumentCache full:https://registry.npmjs.org/@babel%2fhelper-module-imports cache-miss
350 http fetch GET 200 https://registry.npmjs.org/@jridgewell%2ftrace-mapping 286ms (cache miss)
351 silly packumentCache full:https://registry.npmjs.org/@jridgewell%2ftrace-mapping set size:undefined disposed:false
352 silly fetch manifest debug@^4.3.1
353 silly packumentCache full:https://registry.npmjs.org/debug cache-hit
354 silly fetch manifest @babel/helper-globals@^7.29.7
355 silly packumentCache full:https://registry.npmjs.org/@babel%2fhelper-globals cache-miss
356 http fetch GET 200 https://registry.npmjs.org/@jridgewell%2fgen-mapping 327ms (cache miss)
357 silly packumentCache full:https://registry.npmjs.org/@jridgewell%2fgen-mapping set size:undefined disposed:false
358 silly fetch manifest @babel/helper-string-parser@^7.29.7
359 silly packumentCache full:https://registry.npmjs.org/@babel%2fhelper-string-parser cache-miss
360 http fetch GET 200 https://registry.npmjs.org/@babel%2fhelper-validator-option 255ms (cache miss)
361 silly packumentCache full:https://registry.npmjs.org/@babel%2fhelper-validator-option set size:undefined disposed:false
362 silly fetch manifest @jridgewell/gen-mapping@^0.3.5
363 silly packumentCache full:https://registry.npmjs.org/@jridgewell%2fgen-mapping cache-miss
364 http cache https://registry.npmjs.org/@jridgewell%2fgen-mapping 16ms (cache hit)
365 silly packumentCache full:https://registry.npmjs.org/@jridgewell%2fgen-mapping set size:75941 disposed:false
366 silly fetch manifest @jridgewell/trace-mapping@^0.3.24
367 silly packumentCache full:https://registry.npmjs.org/@jridgewell%2ftrace-mapping cache-miss
368 http cache https://registry.npmjs.org/@jridgewell%2ftrace-mapping 12ms (cache hit)
369 silly packumentCache full:https://registry.npmjs.org/@jridgewell%2ftrace-mapping set size:170909 disposed:false
370 silly fetch manifest ms@^2.1.3
371 silly packumentCache full:https://registry.npmjs.org/ms cache-miss
372 http fetch GET 200 https://registry.npmjs.org/@babel%2fcompat-data 500ms (cache miss)
373 silly packumentCache full:https://registry.npmjs.org/@babel%2fcompat-data set size:undefined disposed:false
374 http fetch GET 200 https://registry.npmjs.org/lru-cache 625ms (cache miss)
375 silly packumentCache full:https://registry.npmjs.org/lru-cache set size:undefined disposed:false
376 http fetch GET 200 https://registry.npmjs.org/@babel%2fhelper-globals 396ms (cache miss)
377 silly packumentCache full:https://registry.npmjs.org/@babel%2fhelper-globals set size:undefined disposed:false
378 http fetch GET 200 https://registry.npmjs.org/ms 239ms (cache miss)
379 silly packumentCache full:https://registry.npmjs.org/ms set size:undefined disposed:false
380 http fetch GET 200 https://registry.npmjs.org/@babel%2fhelper-module-imports 422ms (cache miss)
381 silly packumentCache full:https://registry.npmjs.org/@babel%2fhelper-module-imports set size:undefined disposed:false
382 http fetch GET 200 https://registry.npmjs.org/@babel%2fhelper-string-parser 367ms (cache miss)
383 silly packumentCache full:https://registry.npmjs.org/@babel%2fhelper-string-parser set size:undefined disposed:false
384 http fetch GET 200 https://registry.npmjs.org/browserslist 732ms (cache miss)
385 silly packumentCache full:https://registry.npmjs.org/browserslist set size:undefined disposed:false
386 silly placeDep ROOT @babel/helper-validator-identifier@7.29.7 OK for: @babel/code-frame@7.29.7 want: ^7.29.7
387 silly placeDep ROOT js-tokens@4.0.0 OK for: @babel/code-frame@7.29.7 want: ^4.0.0
388 silly placeDep ROOT picocolors@1.1.1 OK for: @babel/code-frame@7.29.7 want: ^1.1.1
389 silly placeDep ROOT @jridgewell/gen-mapping@0.3.13 OK for: @babel/generator@7.29.7 want: ^0.3.12
390 silly placeDep ROOT @jridgewell/trace-mapping@0.3.31 OK for: @babel/generator@7.29.7 want: ^0.3.28
391 silly placeDep ROOT jsesc@3.1.0 OK for: @babel/generator@7.29.7 want: ^3.0.2
392 silly fetch manifest @jridgewell/sourcemap-codec@^1.5.0
393 silly packumentCache full:https://registry.npmjs.org/@jridgewell%2fsourcemap-codec cache-miss
394 silly fetch manifest @jridgewell/resolve-uri@^3.1.0
395 silly packumentCache full:https://registry.npmjs.org/@jridgewell%2fresolve-uri cache-miss
396 silly fetch manifest @jridgewell/sourcemap-codec@^1.4.14
397 silly packumentCache full:https://registry.npmjs.org/@jridgewell%2fsourcemap-codec cache-miss
398 http fetch GET 200 https://registry.npmjs.org/@jridgewell%2fsourcemap-codec 202ms (cache miss)
399 silly packumentCache full:https://registry.npmjs.org/@jridgewell%2fsourcemap-codec set size:undefined disposed:false
400 http fetch GET 200 https://registry.npmjs.org/@jridgewell%2fsourcemap-codec 238ms (cache miss)
401 silly packumentCache full:https://registry.npmjs.org/@jridgewell%2fsourcemap-codec set size:undefined disposed:false
402 http fetch GET 200 https://registry.npmjs.org/@jridgewell%2fresolve-uri 240ms (cache miss)
403 silly packumentCache full:https://registry.npmjs.org/@jridgewell%2fresolve-uri set size:undefined disposed:false
404 silly placeDep ROOT @babel/compat-data@7.29.7 OK for: @babel/helper-compilation-targets@7.29.7 want: ^7.29.7
405 silly placeDep ROOT @babel/helper-validator-option@7.29.7 OK for: @babel/helper-compilation-targets@7.29.7 want: ^7.29.7
406 silly placeDep ROOT browserslist@4.28.4 OK for: @babel/helper-compilation-targets@7.29.7 want: ^4.24.0
407 silly placeDep ROOT lru-cache@5.1.1 OK for: @babel/helper-compilation-targets@7.29.7 want: ^5.1.1
408 silly fetch manifest caniuse-lite@^1.0.30001799
409 silly packumentCache full:https://registry.npmjs.org/caniuse-lite cache-miss
410 silly fetch manifest node-releases@^2.0.48
411 silly packumentCache full:https://registry.npmjs.org/node-releases cache-miss
412 silly fetch manifest electron-to-chromium@^1.5.376
413 silly packumentCache full:https://registry.npmjs.org/electron-to-chromium cache-miss
414 silly fetch manifest update-browserslist-db@^1.2.3
415 silly packumentCache full:https://registry.npmjs.org/update-browserslist-db cache-miss
416 silly fetch manifest baseline-browser-mapping@^2.10.38
417 silly packumentCache full:https://registry.npmjs.org/baseline-browser-mapping cache-miss
418 silly fetch manifest yallist@^3.0.2
419 silly packumentCache full:https://registry.npmjs.org/yallist cache-miss
420 http fetch GET 200 https://registry.npmjs.org/yallist 345ms (cache miss)
421 silly packumentCache full:https://registry.npmjs.org/yallist set size:undefined disposed:false
422 http fetch GET 200 https://registry.npmjs.org/update-browserslist-db 359ms (cache miss)
423 silly packumentCache full:https://registry.npmjs.org/update-browserslist-db set size:undefined disposed:false
424 http fetch GET 200 https://registry.npmjs.org/baseline-browser-mapping 382ms (cache miss)
425 silly packumentCache full:https://registry.npmjs.org/baseline-browser-mapping set size:undefined disposed:false
426 http fetch GET 200 https://registry.npmjs.org/node-releases 539ms (cache miss)
427 silly packumentCache full:https://registry.npmjs.org/node-releases set size:undefined disposed:false
428 http fetch GET 200 https://registry.npmjs.org/caniuse-lite 1541ms (cache miss)
429 silly packumentCache full:https://registry.npmjs.org/caniuse-lite set size:undefined disposed:false
430 http fetch GET 200 https://registry.npmjs.org/electron-to-chromium 3882ms (cache miss)
431 silly packumentCache full:https://registry.npmjs.org/electron-to-chromium set size:undefined disposed:false
432 silly placeDep ROOT @babel/helper-module-imports@7.29.7 OK for: @babel/helper-module-transforms@7.29.7 want: ^7.29.7
433 silly placeDep ROOT @babel/helper-globals@7.29.7 OK for: @babel/traverse@7.29.7 want: ^7.29.7
434 silly placeDep ROOT @babel/helper-string-parser@7.29.7 OK for: @babel/types@7.29.7 want: ^7.29.7
435 silly placeDep ROOT @jridgewell/sourcemap-codec@1.5.5 OK for: @jridgewell/gen-mapping@0.3.13 want: ^1.5.0
436 silly placeDep ROOT @jridgewell/resolve-uri@3.1.2 OK for: @jridgewell/trace-mapping@0.3.31 want: ^3.1.0
437 silly fetch manifest preact@^10.4.0 || ^11.0.0-0
438 silly packumentCache full:https://registry.npmjs.org/preact cache-miss
439 http cache https://registry.npmjs.org/preact 82ms (cache hit)
440 silly packumentCache full:https://registry.npmjs.org/preact set size:1836603 disposed:false
441 silly fetch manifest vite@2.x || 3.x || 4.x || 5.x || 6.x || 7.x || 8.x
442 silly packumentCache full:https://registry.npmjs.org/vite cache-miss
443 http cache https://registry.npmjs.org/vite 91ms (cache hit)
444 silly packumentCache full:https://registry.npmjs.org/vite set size:38879745 disposed:false
445 silly fetch manifest @types/node@^20.19.0 || >=22.12.0
446 silly packumentCache full:https://registry.npmjs.org/@types%2fnode cache-miss
447 http cache https://registry.npmjs.org/@types%2fnode 23ms (cache hit)
448 silly packumentCache full:https://registry.npmjs.org/@types%2fnode set size:11062724 disposed:false
449 silly fetch manifest @vitejs/devtools@^0.3.0
450 silly packumentCache full:https://registry.npmjs.org/@vitejs%2fdevtools cache-miss
451 http fetch GET 200 https://registry.npmjs.org/@vitejs%2fdevtools 304ms (cache miss)
452 silly packumentCache full:https://registry.npmjs.org/@vitejs%2fdevtools set size:undefined disposed:false
453 silly fetch manifest esbuild@^0.27.0 || ^0.28.0
454 silly packumentCache full:https://registry.npmjs.org/esbuild cache-miss
455 http cache https://registry.npmjs.org/esbuild 8ms (cache hit)
456 silly packumentCache full:https://registry.npmjs.org/esbuild set size:1259608 disposed:false
457 silly fetch manifest jiti@>=1.21.0
458 silly packumentCache full:https://registry.npmjs.org/jiti cache-miss
459 http fetch GET 200 https://registry.npmjs.org/jiti 424ms (cache miss)
460 silly packumentCache full:https://registry.npmjs.org/jiti set size:undefined disposed:false
461 silly fetch manifest less@^4.0.0
462 silly packumentCache full:https://registry.npmjs.org/less cache-miss
463 http cache https://registry.npmjs.org/less 17ms (cache hit)
464 silly packumentCache full:https://registry.npmjs.org/less set size:476819 disposed:false
465 silly fetch manifest sass@^1.70.0
466 silly packumentCache full:https://registry.npmjs.org/sass cache-miss
467 http cache https://registry.npmjs.org/sass 16ms (cache hit)
468 silly packumentCache full:https://registry.npmjs.org/sass set size:730445 disposed:false
469 silly fetch manifest sass-embedded@^1.70.0
470 silly packumentCache full:https://registry.npmjs.org/sass-embedded cache-miss
471 http cache https://registry.npmjs.org/sass-embedded 6ms (cache hit)
472 silly packumentCache full:https://registry.npmjs.org/sass-embedded set size:419718 disposed:false
473 silly fetch manifest stylus@>=0.54.8
474 silly packumentCache full:https://registry.npmjs.org/stylus cache-miss
475 http cache https://registry.npmjs.org/stylus 6ms (cache hit)
476 silly packumentCache full:https://registry.npmjs.org/stylus set size:286766 disposed:false
477 silly fetch manifest sugarss@^5.0.0
478 silly packumentCache full:https://registry.npmjs.org/sugarss cache-miss
479 http cache https://registry.npmjs.org/sugarss 5ms (cache hit)
480 silly packumentCache full:https://registry.npmjs.org/sugarss set size:44975 disposed:false
481 silly fetch manifest terser@^5.16.0
482 silly packumentCache full:https://registry.npmjs.org/terser cache-miss
483 http cache https://registry.npmjs.org/terser 6ms (cache hit)
484 silly packumentCache full:https://registry.npmjs.org/terser set size:803566 disposed:false
485 silly fetch manifest tsx@^4.8.1
486 silly packumentCache full:https://registry.npmjs.org/tsx cache-miss
487 http fetch GET 200 https://registry.npmjs.org/tsx 370ms (cache miss)
488 silly packumentCache full:https://registry.npmjs.org/tsx set size:undefined disposed:false
489 silly fetch manifest yaml@^2.4.2
490 silly packumentCache full:https://registry.npmjs.org/yaml cache-miss
491 http fetch GET 200 https://registry.npmjs.org/yaml 208ms (cache miss)
492 silly packumentCache full:https://registry.npmjs.org/yaml set size:undefined disposed:false
493 silly fetch manifest rollup@^1.20.0||^2.0.0||^3.0.0||^4.0.0
494 silly packumentCache full:https://registry.npmjs.org/rollup cache-miss
495 http cache https://registry.npmjs.org/rollup 18ms (cache hit)
496 silly packumentCache full:https://registry.npmjs.org/rollup set size:6254014 disposed:false
497 silly placeDep ROOT @babel/plugin-transform-react-jsx@7.29.7 OK for: @preact/preset-vite@2.10.5 want: ^7.27.1
498 silly placeDep ROOT @babel/plugin-transform-react-jsx-development@7.29.7 OK for: @preact/preset-vite@2.10.5 want: ^7.27.1
499 silly placeDep ROOT @prefresh/vite@2.4.12 OK for: @preact/preset-vite@2.10.5 want: ^2.4.11
500 silly placeDep ROOT @rollup/pluginutils@5.4.0 OK for: @preact/preset-vite@2.10.5 want: ^5.0.0
501 silly placeDep ROOT babel-plugin-transform-hook-names@1.0.2 OK for: @preact/preset-vite@2.10.5 want: ^1.0.2
502 silly placeDep ROOT magic-string@0.30.21 OK for: @preact/preset-vite@2.10.5 want: ^0.30.21
503 silly placeDep ROOT vite-prerender-plugin@0.5.13 OK for: @preact/preset-vite@2.10.5 want: ^0.5.8
504 silly placeDep ROOT zimmerframe@1.1.4 OK for: @preact/preset-vite@2.10.5 want: ^1.1.4
505 silly fetch manifest @babel/plugin-syntax-jsx@^7.29.7
506 silly packumentCache full:https://registry.npmjs.org/@babel%2fplugin-syntax-jsx cache-miss
507 silly fetch manifest @babel/helper-plugin-utils@^7.29.7
508 silly packumentCache full:https://registry.npmjs.org/@babel%2fhelper-plugin-utils cache-miss
509 silly fetch manifest @babel/helper-annotate-as-pure@^7.29.7
510 silly packumentCache full:https://registry.npmjs.org/@babel%2fhelper-annotate-as-pure cache-miss
511 silly fetch manifest @prefresh/core@^1.5.0
512 silly packumentCache full:https://registry.npmjs.org/@prefresh%2fcore cache-miss
513 silly fetch manifest @prefresh/utils@^1.2.0
514 silly packumentCache full:https://registry.npmjs.org/@prefresh%2futils cache-miss
515 silly fetch manifest @rollup/pluginutils@^4.2.1
516 silly packumentCache full:https://registry.npmjs.org/@rollup%2fpluginutils cache-miss
517 silly fetch manifest @prefresh/babel-plugin@^0.5.2
518 silly packumentCache full:https://registry.npmjs.org/@prefresh%2fbabel-plugin cache-miss
519 http cache https://registry.npmjs.org/@rollup%2fpluginutils 11ms (cache hit)
520 silly packumentCache full:https://registry.npmjs.org/@rollup%2fpluginutils set size:121958 disposed:false
521 silly fetch manifest @types/estree@^1.0.0
522 silly packumentCache full:https://registry.npmjs.org/@types%2festree cache-miss
523 http fetch GET 200 https://registry.npmjs.org/@types%2festree 234ms (cache miss)
524 silly packumentCache full:https://registry.npmjs.org/@types%2festree set size:undefined disposed:false
525 silly fetch manifest estree-walker@^2.0.2
526 silly packumentCache full:https://registry.npmjs.org/estree-walker cache-miss
527 http fetch GET 200 https://registry.npmjs.org/@babel%2fplugin-syntax-jsx 299ms (cache miss)
528 silly packumentCache full:https://registry.npmjs.org/@babel%2fplugin-syntax-jsx set size:undefined disposed:false
529 silly fetch manifest picomatch@^4.0.2
530 silly packumentCache full:https://registry.npmjs.org/picomatch cache-miss
531 http fetch GET 200 https://registry.npmjs.org/@babel%2fhelper-annotate-as-pure 308ms (cache miss)
532 silly packumentCache full:https://registry.npmjs.org/@babel%2fhelper-annotate-as-pure set size:undefined disposed:false
533 silly fetch manifest kolorist@^1.8.0
534 silly packumentCache full:https://registry.npmjs.org/kolorist cache-miss
535 http fetch GET 200 https://registry.npmjs.org/@babel%2fhelper-plugin-utils 313ms (cache miss)
536 silly packumentCache full:https://registry.npmjs.org/@babel%2fhelper-plugin-utils set size:undefined disposed:false
537 silly fetch manifest node-html-parser@^6.1.12
538 silly packumentCache full:https://registry.npmjs.org/node-html-parser cache-miss
539 http fetch GET 200 https://registry.npmjs.org/estree-walker 206ms (cache miss)
540 silly packumentCache full:https://registry.npmjs.org/estree-walker set size:undefined disposed:false
541 silly fetch manifest simple-code-frame@^1.3.0
542 silly packumentCache full:https://registry.npmjs.org/simple-code-frame cache-miss
543 http fetch GET 200 https://registry.npmjs.org/kolorist 150ms (cache miss)
544 silly packumentCache full:https://registry.npmjs.org/kolorist set size:undefined disposed:false
545 silly fetch manifest source-map@^0.7.4
546 silly packumentCache full:https://registry.npmjs.org/source-map cache-miss
547 http fetch GET 200 https://registry.npmjs.org/picomatch 177ms (cache miss)
548 silly packumentCache full:https://registry.npmjs.org/picomatch set size:undefined disposed:false
549 silly fetch manifest stack-trace@^1.0.0-pre2
550 silly packumentCache full:https://registry.npmjs.org/stack-trace cache-miss
551 http fetch GET 200 https://registry.npmjs.org/@prefresh%2fbabel-plugin 550ms (cache miss)
552 silly packumentCache full:https://registry.npmjs.org/@prefresh%2fbabel-plugin set size:undefined disposed:false
553 http fetch GET 200 https://registry.npmjs.org/@prefresh%2fcore 553ms (cache miss)
554 silly packumentCache full:https://registry.npmjs.org/@prefresh%2fcore set size:undefined disposed:false
555 http fetch GET 200 https://registry.npmjs.org/@prefresh%2futils 570ms (cache miss)
556 silly packumentCache full:https://registry.npmjs.org/@prefresh%2futils set size:undefined disposed:false
557 http fetch GET 200 https://registry.npmjs.org/node-html-parser 365ms (cache miss)
558 silly packumentCache full:https://registry.npmjs.org/node-html-parser set size:undefined disposed:false
559 http fetch GET 200 https://registry.npmjs.org/stack-trace 208ms (cache miss)
560 silly packumentCache full:https://registry.npmjs.org/stack-trace set size:undefined disposed:false
561 http fetch GET 200 https://registry.npmjs.org/source-map 268ms (cache miss)
562 silly packumentCache full:https://registry.npmjs.org/source-map set size:undefined disposed:false
563 http fetch GET 200 https://registry.npmjs.org/simple-code-frame 428ms (cache miss)
564 silly packumentCache full:https://registry.npmjs.org/simple-code-frame set size:undefined disposed:false
565 silly fetch manifest @babel/core@^7.0.0-0
566 silly packumentCache full:https://registry.npmjs.org/@babel%2fcore cache-hit
567 silly placeDep ROOT @babel/helper-annotate-as-pure@7.29.7 OK for: @babel/plugin-transform-react-jsx@7.29.7 want: ^7.29.7
568 silly placeDep ROOT @babel/helper-plugin-utils@7.29.7 OK for: @babel/plugin-transform-react-jsx@7.29.7 want: ^7.29.7
569 silly placeDep ROOT @babel/plugin-syntax-jsx@7.29.7 OK for: @babel/plugin-transform-react-jsx@7.29.7 want: ^7.29.7
570 silly placeDep ROOT @prefresh/babel-plugin@0.5.3 OK for: @prefresh/vite@2.4.12 want: ^0.5.2
571 silly placeDep ROOT @prefresh/core@1.5.10 OK for: @prefresh/vite@2.4.12 want: ^1.5.0
572 silly placeDep ROOT @prefresh/utils@1.2.1 OK for: @prefresh/vite@2.4.12 want: ^1.2.0
573 silly placeDep node_modules/@prefresh/vite @rollup/pluginutils@4.2.1 OK for: @prefresh/vite@2.4.12 want: ^4.2.1
574 silly fetch manifest picomatch@^2.2.2
575 silly packumentCache full:https://registry.npmjs.org/picomatch cache-miss
576 silly fetch manifest estree-walker@^2.0.1
577 silly packumentCache full:https://registry.npmjs.org/estree-walker cache-miss
578 http cache https://registry.npmjs.org/picomatch 9ms (cache hit)
579 silly packumentCache full:https://registry.npmjs.org/picomatch set size:126376 disposed:false
580 http cache https://registry.npmjs.org/estree-walker 14ms (cache hit)
581 silly packumentCache full:https://registry.npmjs.org/estree-walker set size:60887 disposed:false
582 silly placeDep ROOT @types/estree@1.0.9 OK for: @rollup/pluginutils@5.4.0 want: ^1.0.0
583 silly placeDep ROOT estree-walker@2.0.2 OK for: @rollup/pluginutils@5.4.0 want: ^2.0.2
584 silly placeDep ROOT picomatch@4.0.4 OK for: @rollup/pluginutils@5.4.0 want: ^4.0.2
585 silly fetch manifest browserslist@>= 4.21.0
586 silly packumentCache full:https://registry.npmjs.org/browserslist cache-miss
587 http cache https://registry.npmjs.org/browserslist 10ms (cache hit)
588 silly packumentCache full:https://registry.npmjs.org/browserslist set size:509301 disposed:false
589 silly placeDep ROOT baseline-browser-mapping@2.10.40 OK for: browserslist@4.28.4 want: ^2.10.38
590 silly placeDep ROOT caniuse-lite@1.0.30001799 OK for: browserslist@4.28.4 want: ^1.0.30001799
591 silly placeDep ROOT electron-to-chromium@1.5.381 OK for: browserslist@4.28.4 want: ^1.5.376
592 silly placeDep ROOT node-releases@2.0.50 OK for: browserslist@4.28.4 want: ^2.0.48
593 silly placeDep ROOT update-browserslist-db@1.2.3 OK for: browserslist@4.28.4 want: ^1.2.3
594 silly fetch manifest escalade@^3.2.0
595 silly packumentCache full:https://registry.npmjs.org/escalade cache-miss
596 http fetch GET 200 https://registry.npmjs.org/escalade 140ms (cache miss)
597 silly packumentCache full:https://registry.npmjs.org/escalade set size:undefined disposed:false
598 silly placeDep ROOT ms@2.1.3 OK for: debug@4.4.3 want: ^2.1.3
599 silly placeDep ROOT yallist@3.1.1 OK for: lru-cache@5.1.1 want: ^3.0.2
600 silly placeDep ROOT @mapbox/geojson-rewind@0.5.2 OK for: maplibre-gl@4.7.1 want: ^0.5.2
601 silly placeDep ROOT @mapbox/jsonlint-lines-primitives@2.0.3 OK for: maplibre-gl@4.7.1 want: ^2.0.2
602 silly placeDep ROOT @mapbox/point-geometry@0.1.0 OK for: maplibre-gl@4.7.1 want: ^0.1.0
603 silly placeDep ROOT @mapbox/tiny-sdf@2.2.0 OK for: maplibre-gl@4.7.1 want: ^2.0.6
604 silly placeDep ROOT @mapbox/unitbezier@0.0.1 OK for: maplibre-gl@4.7.1 want: ^0.0.1
605 silly placeDep ROOT @mapbox/vector-tile@1.3.1 OK for: maplibre-gl@4.7.1 want: ^1.3.1
606 silly placeDep ROOT @mapbox/whoots-js@3.1.0 OK for: maplibre-gl@4.7.1 want: ^3.1.0
607 silly placeDep ROOT @maplibre/maplibre-gl-style-spec@20.4.0 OK for: maplibre-gl@4.7.1 want: ^20.3.1
608 silly placeDep ROOT @types/geojson@7946.0.16 OK for: maplibre-gl@4.7.1 want: ^7946.0.14
609 silly placeDep ROOT @types/geojson-vt@3.2.5 OK for: maplibre-gl@4.7.1 want: 3.2.5
610 silly placeDep ROOT @types/mapbox__point-geometry@0.1.4 OK for: maplibre-gl@4.7.1 want: ^0.1.4
611 silly placeDep ROOT @types/mapbox__vector-tile@1.3.4 OK for: maplibre-gl@4.7.1 want: ^1.3.4
612 silly placeDep ROOT @types/pbf@3.0.5 OK for: maplibre-gl@4.7.1 want: ^3.0.5
613 silly placeDep ROOT @types/supercluster@7.1.3 OK for: maplibre-gl@4.7.1 want: ^7.1.3
614 silly placeDep ROOT earcut@3.1.0 OK for: maplibre-gl@4.7.1 want: ^3.0.0
615 silly placeDep ROOT geojson-vt@4.0.3 OK for: maplibre-gl@4.7.1 want: ^4.0.2
616 silly placeDep ROOT gl-matrix@3.4.4 OK for: maplibre-gl@4.7.1 want: ^3.4.3
617 silly placeDep ROOT global-prefix@4.0.0 OK for: maplibre-gl@4.7.1 want: ^4.0.0
618 silly placeDep ROOT kdbush@4.1.0 OK for: maplibre-gl@4.7.1 want: ^4.0.2
619 silly placeDep ROOT murmurhash-js@1.0.0 OK for: maplibre-gl@4.7.1 want: ^1.0.0
620 silly placeDep ROOT pbf@3.3.0 OK for: maplibre-gl@4.7.1 want: ^3.3.0
621 silly placeDep ROOT potpack@2.1.0 OK for: maplibre-gl@4.7.1 want: ^2.0.0
622 silly placeDep ROOT quickselect@3.0.0 OK for: maplibre-gl@4.7.1 want: ^3.0.0
623 silly placeDep ROOT supercluster@8.0.1 OK for: maplibre-gl@4.7.1 want: ^8.0.1
624 silly placeDep ROOT tinyqueue@3.0.0 OK for: maplibre-gl@4.7.1 want: ^3.0.0
625 silly placeDep ROOT vt-pbf@3.1.3 OK for: maplibre-gl@4.7.1 want: ^3.1.3
626 silly fetch manifest get-stream@^6.0.1
627 silly packumentCache full:https://registry.npmjs.org/get-stream cache-miss
628 silly fetch manifest minimist@^1.2.6
629 silly packumentCache full:https://registry.npmjs.org/minimist cache-miss
630 silly fetch manifest rw@^1.3.3
631 silly packumentCache full:https://registry.npmjs.org/rw cache-miss
632 silly fetch manifest minimist@^1.2.8
633 silly packumentCache full:https://registry.npmjs.org/minimist cache-miss
634 silly fetch manifest quickselect@^2.0.0
635 silly packumentCache full:https://registry.npmjs.org/quickselect cache-miss
636 silly fetch manifest json-stringify-pretty-compact@^4.0.0
637 silly packumentCache full:https://registry.npmjs.org/json-stringify-pretty-compact cache-miss
638 silly fetch manifest @types/pbf@*
639 silly packumentCache full:https://registry.npmjs.org/@types%2fpbf cache-miss
640 http cache https://registry.npmjs.org/quickselect 12ms (cache hit)
641 silly packumentCache full:https://registry.npmjs.org/quickselect set size:11053 disposed:false
642 silly fetch manifest ini@^4.1.3
643 silly packumentCache full:https://registry.npmjs.org/ini cache-miss
644 http cache https://registry.npmjs.org/@types%2fpbf 12ms (cache hit)
645 silly packumentCache full:https://registry.npmjs.org/@types%2fpbf set size:11256 disposed:false
646 silly fetch manifest kind-of@^6.0.3
647 silly packumentCache full:https://registry.npmjs.org/kind-of cache-miss
648 http fetch GET 200 https://registry.npmjs.org/rw 146ms (cache miss)
649 silly packumentCache full:https://registry.npmjs.org/rw set size:undefined disposed:false
650 silly fetch manifest which@^4.0.0
651 silly packumentCache full:https://registry.npmjs.org/which cache-miss
652 http fetch GET 200 https://registry.npmjs.org/get-stream 149ms (cache miss)
653 silly packumentCache full:https://registry.npmjs.org/get-stream set size:undefined disposed:false
654 silly fetch manifest ieee754@^1.1.12
655 silly packumentCache full:https://registry.npmjs.org/ieee754 cache-miss
656 http fetch GET 200 https://registry.npmjs.org/minimist 169ms (cache miss)
657 silly packumentCache full:https://registry.npmjs.org/minimist set size:undefined disposed:false
658 silly fetch manifest resolve-protobuf-schema@^2.1.0
659 silly packumentCache full:https://registry.npmjs.org/resolve-protobuf-schema cache-miss
660 http fetch GET 200 https://registry.npmjs.org/kind-of 151ms (cache miss)
661 silly packumentCache full:https://registry.npmjs.org/kind-of set size:undefined disposed:false
662 http fetch GET 200 https://registry.npmjs.org/ini 176ms (cache miss)
663 silly packumentCache full:https://registry.npmjs.org/ini set size:undefined disposed:false
664 http fetch GET 200 https://registry.npmjs.org/minimist 214ms (cache miss)
665 silly packumentCache full:https://registry.npmjs.org/minimist set size:undefined disposed:false
666 http fetch GET 200 https://registry.npmjs.org/which 178ms (cache miss)
667 silly packumentCache full:https://registry.npmjs.org/which set size:undefined disposed:false
668 http fetch GET 200 https://registry.npmjs.org/ieee754 177ms (cache miss)
669 silly packumentCache full:https://registry.npmjs.org/ieee754 set size:undefined disposed:false
670 http fetch GET 200 https://registry.npmjs.org/resolve-protobuf-schema 159ms (cache miss)
671 silly packumentCache full:https://registry.npmjs.org/resolve-protobuf-schema set size:undefined disposed:false
672 http fetch GET 200 https://registry.npmjs.org/json-stringify-pretty-compact 328ms (cache miss)
673 silly packumentCache full:https://registry.npmjs.org/json-stringify-pretty-compact set size:undefined disposed:false
674 silly placeDep ROOT get-stream@6.0.1 OK for: @mapbox/geojson-rewind@0.5.2 want: ^6.0.1
675 silly placeDep ROOT minimist@1.2.8 OK for: @mapbox/geojson-rewind@0.5.2 want: ^1.2.6
676 silly placeDep ROOT json-stringify-pretty-compact@4.0.0 OK for: @maplibre/maplibre-gl-style-spec@20.4.0 want: ^4.0.0
677 silly placeDep node_modules/@maplibre/maplibre-gl-style-spec quickselect@2.0.0 OK for: @maplibre/maplibre-gl-style-spec@20.4.0 want: ^2.0.0
678 silly placeDep ROOT rw@1.3.3 OK for: @maplibre/maplibre-gl-style-spec@20.4.0 want: ^1.3.3
679 silly placeDep ROOT ini@4.1.3 OK for: global-prefix@4.0.0 want: ^4.1.3
680 silly placeDep ROOT kind-of@6.0.3 OK for: global-prefix@4.0.0 want: ^6.0.3
681 silly placeDep ROOT which@4.0.0 OK for: global-prefix@4.0.0 want: ^4.0.0
682 silly fetch manifest isexe@^3.1.1
683 silly packumentCache full:https://registry.npmjs.org/isexe cache-miss
684 http fetch GET 200 https://registry.npmjs.org/isexe 164ms (cache miss)
685 silly packumentCache full:https://registry.npmjs.org/isexe set size:undefined disposed:false
686 silly placeDep ROOT ieee754@1.2.1 OK for: pbf@3.3.0 want: ^1.1.12
687 silly placeDep ROOT resolve-protobuf-schema@2.1.0 OK for: pbf@3.3.0 want: ^2.1.0
688 silly fetch manifest protocol-buffers-schema@^3.3.1
689 silly packumentCache full:https://registry.npmjs.org/protocol-buffers-schema cache-miss
690 http fetch GET 200 https://registry.npmjs.org/protocol-buffers-schema 153ms (cache miss)
691 silly packumentCache full:https://registry.npmjs.org/protocol-buffers-schema set size:undefined disposed:false
692 silly placeDep ROOT protocol-buffers-schema@3.6.1 OK for: resolve-protobuf-schema@2.1.0 want: ^3.3.1
693 silly placeDep ROOT escalade@3.2.0 OK for: update-browserslist-db@1.2.3 want: ^3.2.0
694 silly placeDep ROOT esbuild@0.21.5 OK for: vite@5.4.21 want: ^0.21.3
695 silly placeDep ROOT fsevents@2.3.3 OK for: vite@5.4.21 want: ~2.3.3
696 silly placeDep ROOT postcss@8.5.16 OK for: vite@5.4.21 want: ^8.4.43
697 silly placeDep ROOT rollup@4.62.2 OK for: vite@5.4.21 want: ^4.20.0
698 silly fetch manifest @esbuild/aix-ppc64@0.21.5
699 silly packumentCache full:https://registry.npmjs.org/@esbuild%2faix-ppc64 cache-miss
700 silly fetch manifest @esbuild/linux-arm@0.21.5
701 silly packumentCache full:https://registry.npmjs.org/@esbuild%2flinux-arm cache-miss
702 silly fetch manifest @esbuild/linux-x64@0.21.5
703 silly packumentCache full:https://registry.npmjs.org/@esbuild%2flinux-x64 cache-miss
704 silly fetch manifest @esbuild/sunos-x64@0.21.5
705 silly packumentCache full:https://registry.npmjs.org/@esbuild%2fsunos-x64 cache-miss
706 silly fetch manifest @esbuild/win32-x64@0.21.5
707 silly packumentCache full:https://registry.npmjs.org/@esbuild%2fwin32-x64 cache-miss
708 silly fetch manifest @esbuild/darwin-x64@0.21.5
709 silly packumentCache full:https://registry.npmjs.org/@esbuild%2fdarwin-x64 cache-miss
710 silly fetch manifest @esbuild/linux-ia32@0.21.5
711 silly packumentCache full:https://registry.npmjs.org/@esbuild%2flinux-ia32 cache-miss
712 http fetch GET 200 https://registry.npmjs.org/@esbuild%2faix-ppc64 194ms (cache miss)
713 silly packumentCache full:https://registry.npmjs.org/@esbuild%2faix-ppc64 set size:undefined disposed:false
714 silly fetch manifest @esbuild/netbsd-x64@0.21.5
715 silly packumentCache full:https://registry.npmjs.org/@esbuild%2fnetbsd-x64 cache-miss
716 http fetch GET 200 https://registry.npmjs.org/@esbuild%2fsunos-x64 325ms (cache miss)
717 silly packumentCache full:https://registry.npmjs.org/@esbuild%2fsunos-x64 set size:undefined disposed:false
718 silly fetch manifest @esbuild/win32-ia32@0.21.5
719 silly packumentCache full:https://registry.npmjs.org/@esbuild%2fwin32-ia32 cache-miss
720 http fetch GET 200 https://registry.npmjs.org/@esbuild%2flinux-arm 407ms (cache miss)
721 silly packumentCache full:https://registry.npmjs.org/@esbuild%2flinux-arm set size:undefined disposed:false
722 silly fetch manifest @esbuild/android-arm@0.21.5
723 silly packumentCache full:https://registry.npmjs.org/@esbuild%2fandroid-arm cache-miss
724 http fetch GET 200 https://registry.npmjs.org/@esbuild%2flinux-x64 423ms (cache miss)
725 silly packumentCache full:https://registry.npmjs.org/@esbuild%2flinux-x64 set size:undefined disposed:false
726 silly fetch manifest @esbuild/android-x64@0.21.5
727 silly packumentCache full:https://registry.npmjs.org/@esbuild%2fandroid-x64 cache-miss
728 http fetch GET 200 https://registry.npmjs.org/@esbuild%2flinux-ia32 425ms (cache miss)
729 silly packumentCache full:https://registry.npmjs.org/@esbuild%2flinux-ia32 set size:undefined disposed:false
730 silly fetch manifest @esbuild/freebsd-x64@0.21.5
731 silly packumentCache full:https://registry.npmjs.org/@esbuild%2ffreebsd-x64 cache-miss
732 http fetch GET 200 https://registry.npmjs.org/@esbuild%2fwin32-x64 429ms (cache miss)
733 silly packumentCache full:https://registry.npmjs.org/@esbuild%2fwin32-x64 set size:undefined disposed:false
734 silly fetch manifest @esbuild/linux-arm64@0.21.5
735 silly packumentCache full:https://registry.npmjs.org/@esbuild%2flinux-arm64 cache-miss
736 http fetch GET 200 https://registry.npmjs.org/@esbuild%2fdarwin-x64 430ms (cache miss)
737 silly packumentCache full:https://registry.npmjs.org/@esbuild%2fdarwin-x64 set size:undefined disposed:false
738 silly fetch manifest @esbuild/linux-ppc64@0.21.5
739 silly packumentCache full:https://registry.npmjs.org/@esbuild%2flinux-ppc64 cache-miss
740 http fetch GET 200 https://registry.npmjs.org/@esbuild%2fnetbsd-x64 357ms (cache miss)
741 silly packumentCache full:https://registry.npmjs.org/@esbuild%2fnetbsd-x64 set size:undefined disposed:false
742 silly fetch manifest @esbuild/linux-s390x@0.21.5
743 silly packumentCache full:https://registry.npmjs.org/@esbuild%2flinux-s390x cache-miss
744 http fetch GET 200 https://registry.npmjs.org/@esbuild%2fwin32-ia32 316ms (cache miss)
745 silly packumentCache full:https://registry.npmjs.org/@esbuild%2fwin32-ia32 set size:undefined disposed:false
746 silly fetch manifest @esbuild/openbsd-x64@0.21.5
747 silly packumentCache full:https://registry.npmjs.org/@esbuild%2fopenbsd-x64 cache-miss
748 http fetch GET 200 https://registry.npmjs.org/@esbuild%2fandroid-arm 302ms (cache miss)
749 silly packumentCache full:https://registry.npmjs.org/@esbuild%2fandroid-arm set size:undefined disposed:false
750 silly fetch manifest @esbuild/win32-arm64@0.21.5
751 silly packumentCache full:https://registry.npmjs.org/@esbuild%2fwin32-arm64 cache-miss
752 http fetch GET 200 https://registry.npmjs.org/@esbuild%2ffreebsd-x64 300ms (cache miss)
753 silly packumentCache full:https://registry.npmjs.org/@esbuild%2ffreebsd-x64 set size:undefined disposed:false
754 silly fetch manifest @esbuild/darwin-arm64@0.21.5
755 silly packumentCache full:https://registry.npmjs.org/@esbuild%2fdarwin-arm64 cache-miss
756 http fetch GET 200 https://registry.npmjs.org/@esbuild%2flinux-arm64 326ms (cache miss)
757 silly packumentCache full:https://registry.npmjs.org/@esbuild%2flinux-arm64 set size:undefined disposed:false
758 silly fetch manifest @esbuild/android-arm64@0.21.5
759 silly packumentCache full:https://registry.npmjs.org/@esbuild%2fandroid-arm64 cache-miss
760 http fetch GET 200 https://registry.npmjs.org/@esbuild%2flinux-ppc64 348ms (cache miss)
761 silly packumentCache full:https://registry.npmjs.org/@esbuild%2flinux-ppc64 set size:undefined disposed:false
762 silly fetch manifest @esbuild/freebsd-arm64@0.21.5
763 silly packumentCache full:https://registry.npmjs.org/@esbuild%2ffreebsd-arm64 cache-miss
764 http fetch GET 200 https://registry.npmjs.org/@esbuild%2fandroid-x64 359ms (cache miss)
765 silly packumentCache full:https://registry.npmjs.org/@esbuild%2fandroid-x64 set size:undefined disposed:false
766 silly fetch manifest @esbuild/linux-loong64@0.21.5
767 silly packumentCache full:https://registry.npmjs.org/@esbuild%2flinux-loong64 cache-miss
768 http fetch GET 200 https://registry.npmjs.org/@esbuild%2fopenbsd-x64 237ms (cache miss)
769 silly packumentCache full:https://registry.npmjs.org/@esbuild%2fopenbsd-x64 set size:undefined disposed:false
770 silly fetch manifest @esbuild/linux-riscv64@0.21.5
771 silly packumentCache full:https://registry.npmjs.org/@esbuild%2flinux-riscv64 cache-miss
772 http fetch GET 200 https://registry.npmjs.org/@esbuild%2flinux-s390x 367ms (cache miss)
773 silly packumentCache full:https://registry.npmjs.org/@esbuild%2flinux-s390x set size:undefined disposed:false
774 silly fetch manifest @esbuild/linux-mips64el@0.21.5
775 silly packumentCache full:https://registry.npmjs.org/@esbuild%2flinux-mips64el cache-miss
776 http fetch GET 200 https://registry.npmjs.org/@esbuild%2fwin32-arm64 358ms (cache miss)
777 silly packumentCache full:https://registry.npmjs.org/@esbuild%2fwin32-arm64 set size:undefined disposed:false
778 silly fetch manifest nanoid@^3.3.12
779 silly packumentCache full:https://registry.npmjs.org/nanoid cache-miss
780 http fetch GET 200 https://registry.npmjs.org/@esbuild%2fdarwin-arm64 425ms (cache miss)
781 silly packumentCache full:https://registry.npmjs.org/@esbuild%2fdarwin-arm64 set size:undefined disposed:false
782 silly fetch manifest source-map-js@^1.2.1
783 silly packumentCache full:https://registry.npmjs.org/source-map-js cache-miss
784 http fetch GET 200 https://registry.npmjs.org/@esbuild%2ffreebsd-arm64 408ms (cache miss)
785 silly packumentCache full:https://registry.npmjs.org/@esbuild%2ffreebsd-arm64 set size:undefined disposed:false
786 silly fetch manifest @rollup/rollup-darwin-arm64@4.62.2
787 silly packumentCache full:https://registry.npmjs.org/@rollup%2frollup-darwin-arm64 cache-miss
788 http fetch GET 200 https://registry.npmjs.org/@esbuild%2fandroid-arm64 436ms (cache miss)
789 silly packumentCache full:https://registry.npmjs.org/@esbuild%2fandroid-arm64 set size:undefined disposed:false
790 silly fetch manifest @rollup/rollup-android-arm64@4.62.2
791 silly packumentCache full:https://registry.npmjs.org/@rollup%2frollup-android-arm64 cache-miss
792 http fetch GET 200 https://registry.npmjs.org/@esbuild%2flinux-riscv64 315ms (cache miss)
793 silly packumentCache full:https://registry.npmjs.org/@esbuild%2flinux-riscv64 set size:undefined disposed:false
794 silly fetch manifest @rollup/rollup-win32-arm64-msvc@4.62.2
795 silly packumentCache full:https://registry.npmjs.org/@rollup%2frollup-win32-arm64-msvc cache-miss
796 http fetch GET 200 https://registry.npmjs.org/@esbuild%2flinux-mips64el 299ms (cache miss)
797 silly packumentCache full:https://registry.npmjs.org/@esbuild%2flinux-mips64el set size:undefined disposed:false
798 silly fetch manifest @rollup/rollup-freebsd-arm64@4.62.2
799 silly packumentCache full:https://registry.npmjs.org/@rollup%2frollup-freebsd-arm64 cache-miss
800 http fetch GET 200 https://registry.npmjs.org/@esbuild%2flinux-loong64 567ms (cache miss)
801 silly packumentCache full:https://registry.npmjs.org/@esbuild%2flinux-loong64 set size:undefined disposed:false
802 silly fetch manifest @rollup/rollup-linux-arm64-gnu@4.62.2
803 silly packumentCache full:https://registry.npmjs.org/@rollup%2frollup-linux-arm64-gnu cache-miss
804 http fetch GET 200 https://registry.npmjs.org/source-map-js 271ms (cache miss)
805 silly packumentCache full:https://registry.npmjs.org/source-map-js set size:undefined disposed:false
806 silly fetch manifest @rollup/rollup-linux-arm64-musl@4.62.2
807 silly packumentCache full:https://registry.npmjs.org/@rollup%2frollup-linux-arm64-musl cache-miss
808 http fetch GET 200 https://registry.npmjs.org/@rollup%2frollup-freebsd-arm64 261ms (cache miss)
809 silly packumentCache full:https://registry.npmjs.org/@rollup%2frollup-freebsd-arm64 set size:undefined disposed:false
810 silly fetch manifest @rollup/rollup-android-arm-eabi@4.62.2
811 silly packumentCache full:https://registry.npmjs.org/@rollup%2frollup-android-arm-eabi cache-miss
812 http fetch GET 200 https://registry.npmjs.org/nanoid 448ms (cache miss)
813 silly packumentCache full:https://registry.npmjs.org/nanoid set size:undefined disposed:false
814 silly fetch manifest @rollup/rollup-linux-arm-gnueabihf@4.62.2
815 silly packumentCache full:https://registry.npmjs.org/@rollup%2frollup-linux-arm-gnueabihf cache-miss
816 http fetch GET 200 https://registry.npmjs.org/@rollup%2frollup-win32-arm64-msvc 332ms (cache miss)
817 silly packumentCache full:https://registry.npmjs.org/@rollup%2frollup-win32-arm64-msvc set size:undefined disposed:false
818 silly fetch manifest @rollup/rollup-linux-arm-musleabihf@4.62.2
819 silly packumentCache full:https://registry.npmjs.org/@rollup%2frollup-linux-arm-musleabihf cache-miss
820 http fetch GET 200 https://registry.npmjs.org/@rollup%2frollup-android-arm64 362ms (cache miss)
821 silly packumentCache full:https://registry.npmjs.org/@rollup%2frollup-android-arm64 set size:undefined disposed:false
822 silly fetch manifest @rollup/rollup-win32-ia32-msvc@4.62.2
823 silly packumentCache full:https://registry.npmjs.org/@rollup%2frollup-win32-ia32-msvc cache-miss
824 http fetch GET 200 https://registry.npmjs.org/@rollup%2frollup-darwin-arm64 374ms (cache miss)
825 silly packumentCache full:https://registry.npmjs.org/@rollup%2frollup-darwin-arm64 set size:undefined disposed:false
826 silly fetch manifest @rollup/rollup-linux-loong64-gnu@4.62.2
827 silly packumentCache full:https://registry.npmjs.org/@rollup%2frollup-linux-loong64-gnu cache-miss
828 http fetch GET 200 https://registry.npmjs.org/@rollup%2frollup-linux-arm64-musl 246ms (cache miss)
829 silly packumentCache full:https://registry.npmjs.org/@rollup%2frollup-linux-arm64-musl set size:undefined disposed:false
830 silly fetch manifest @rollup/rollup-linux-loong64-musl@4.62.2
831 silly packumentCache full:https://registry.npmjs.org/@rollup%2frollup-linux-loong64-musl cache-miss
832 http fetch GET 200 https://registry.npmjs.org/@rollup%2frollup-linux-arm64-gnu 338ms (cache miss)
833 silly packumentCache full:https://registry.npmjs.org/@rollup%2frollup-linux-arm64-gnu set size:undefined disposed:false
834 silly fetch manifest @rollup/rollup-linux-riscv64-gnu@4.62.2
835 silly packumentCache full:https://registry.npmjs.org/@rollup%2frollup-linux-riscv64-gnu cache-miss
836 http fetch GET 200 https://registry.npmjs.org/@rollup%2frollup-android-arm-eabi 208ms (cache miss)
837 silly packumentCache full:https://registry.npmjs.org/@rollup%2frollup-android-arm-eabi set size:undefined disposed:false
838 silly fetch manifest @rollup/rollup-linux-riscv64-musl@4.62.2
839 silly packumentCache full:https://registry.npmjs.org/@rollup%2frollup-linux-riscv64-musl cache-miss
840 http fetch GET 200 https://registry.npmjs.org/@rollup%2frollup-linux-loong64-gnu 225ms (cache miss)
841 silly packumentCache full:https://registry.npmjs.org/@rollup%2frollup-linux-loong64-gnu set size:undefined disposed:false
842 silly fetch manifest @rollup/rollup-linux-ppc64-gnu@4.62.2
843 silly packumentCache full:https://registry.npmjs.org/@rollup%2frollup-linux-ppc64-gnu cache-miss
844 http fetch GET 200 https://registry.npmjs.org/@rollup%2frollup-linux-arm-gnueabihf 269ms (cache miss)
845 silly packumentCache full:https://registry.npmjs.org/@rollup%2frollup-linux-arm-gnueabihf set size:undefined disposed:false
846 silly fetch manifest @rollup/rollup-linux-ppc64-musl@4.62.2
847 silly packumentCache full:https://registry.npmjs.org/@rollup%2frollup-linux-ppc64-musl cache-miss
848 http fetch GET 200 https://registry.npmjs.org/@rollup%2frollup-linux-arm-musleabihf 312ms (cache miss)
849 silly packumentCache full:https://registry.npmjs.org/@rollup%2frollup-linux-arm-musleabihf set size:undefined disposed:false
850 silly fetch manifest @rollup/rollup-linux-s390x-gnu@4.62.2
851 silly packumentCache full:https://registry.npmjs.org/@rollup%2frollup-linux-s390x-gnu cache-miss
852 http fetch GET 200 https://registry.npmjs.org/@rollup%2frollup-win32-ia32-msvc 315ms (cache miss)
853 silly packumentCache full:https://registry.npmjs.org/@rollup%2frollup-win32-ia32-msvc set size:undefined disposed:false
854 silly fetch manifest @rollup/rollup-darwin-x64@4.62.2
855 silly packumentCache full:https://registry.npmjs.org/@rollup%2frollup-darwin-x64 cache-miss
856 http fetch GET 200 https://registry.npmjs.org/@rollup%2frollup-linux-riscv64-musl 250ms (cache miss)
857 silly packumentCache full:https://registry.npmjs.org/@rollup%2frollup-linux-riscv64-musl set size:undefined disposed:false
858 silly fetch manifest @rollup/rollup-win32-x64-gnu@4.62.2
859 silly packumentCache full:https://registry.npmjs.org/@rollup%2frollup-win32-x64-gnu cache-miss
860 http fetch GET 200 https://registry.npmjs.org/@rollup%2frollup-linux-ppc64-gnu 173ms (cache miss)
861 silly packumentCache full:https://registry.npmjs.org/@rollup%2frollup-linux-ppc64-gnu set size:undefined disposed:false
862 silly fetch manifest @rollup/rollup-win32-x64-msvc@4.62.2
863 silly packumentCache full:https://registry.npmjs.org/@rollup%2frollup-win32-x64-msvc cache-miss
864 http fetch GET 200 https://registry.npmjs.org/@rollup%2frollup-linux-loong64-musl 299ms (cache miss)
865 silly packumentCache full:https://registry.npmjs.org/@rollup%2frollup-linux-loong64-musl set size:undefined disposed:false
866 silly fetch manifest @rollup/rollup-freebsd-x64@4.62.2
867 silly packumentCache full:https://registry.npmjs.org/@rollup%2frollup-freebsd-x64 cache-miss
868 http fetch GET 200 https://registry.npmjs.org/@rollup%2frollup-linux-ppc64-musl 186ms (cache miss)
869 silly packumentCache full:https://registry.npmjs.org/@rollup%2frollup-linux-ppc64-musl set size:undefined disposed:false
870 silly fetch manifest @rollup/rollup-linux-x64-gnu@4.62.2
871 silly packumentCache full:https://registry.npmjs.org/@rollup%2frollup-linux-x64-gnu cache-miss
872 http fetch GET 200 https://registry.npmjs.org/@rollup%2frollup-linux-riscv64-gnu 529ms (cache miss)
873 silly packumentCache full:https://registry.npmjs.org/@rollup%2frollup-linux-riscv64-gnu set size:undefined disposed:false
874 silly fetch manifest @rollup/rollup-linux-x64-musl@4.62.2
875 silly packumentCache full:https://registry.npmjs.org/@rollup%2frollup-linux-x64-musl cache-miss
876 http fetch GET 200 https://registry.npmjs.org/@rollup%2frollup-win32-x64-gnu 275ms (cache miss)
877 silly packumentCache full:https://registry.npmjs.org/@rollup%2frollup-win32-x64-gnu set size:undefined disposed:false
878 silly fetch manifest @rollup/rollup-openbsd-x64@4.62.2
879 silly packumentCache full:https://registry.npmjs.org/@rollup%2frollup-openbsd-x64 cache-miss
880 http fetch GET 200 https://registry.npmjs.org/@rollup%2frollup-linux-s390x-gnu 381ms (cache miss)
881 silly packumentCache full:https://registry.npmjs.org/@rollup%2frollup-linux-s390x-gnu set size:undefined disposed:false
882 silly fetch manifest @rollup/rollup-openharmony-arm64@4.62.2
883 silly packumentCache full:https://registry.npmjs.org/@rollup%2frollup-openharmony-arm64 cache-miss
884 http fetch GET 200 https://registry.npmjs.org/@rollup%2frollup-darwin-x64 365ms (cache miss)
885 silly packumentCache full:https://registry.npmjs.org/@rollup%2frollup-darwin-x64 set size:undefined disposed:false
886 http fetch GET 200 https://registry.npmjs.org/@rollup%2frollup-win32-x64-msvc 279ms (cache miss)
887 silly packumentCache full:https://registry.npmjs.org/@rollup%2frollup-win32-x64-msvc set size:undefined disposed:false
888 http fetch GET 200 https://registry.npmjs.org/@rollup%2frollup-freebsd-x64 398ms (cache miss)
889 silly packumentCache full:https://registry.npmjs.org/@rollup%2frollup-freebsd-x64 set size:undefined disposed:false
890 http fetch GET 200 https://registry.npmjs.org/@rollup%2frollup-linux-x64-gnu 393ms (cache miss)
891 silly packumentCache full:https://registry.npmjs.org/@rollup%2frollup-linux-x64-gnu set size:undefined disposed:false
892 http fetch GET 200 https://registry.npmjs.org/@rollup%2frollup-openharmony-arm64 193ms (cache miss)
893 silly packumentCache full:https://registry.npmjs.org/@rollup%2frollup-openharmony-arm64 set size:undefined disposed:false
894 http fetch GET 200 https://registry.npmjs.org/@rollup%2frollup-openbsd-x64 207ms (cache miss)
895 silly packumentCache full:https://registry.npmjs.org/@rollup%2frollup-openbsd-x64 set size:undefined disposed:false
896 http fetch GET 200 https://registry.npmjs.org/@rollup%2frollup-linux-x64-musl 324ms (cache miss)
897 silly packumentCache full:https://registry.npmjs.org/@rollup%2frollup-linux-x64-musl set size:undefined disposed:false
898 silly placeDep ROOT @esbuild/aix-ppc64@0.21.5 OK for: esbuild@0.21.5 want: 0.21.5
899 silly placeDep ROOT @esbuild/android-arm@0.21.5 OK for: esbuild@0.21.5 want: 0.21.5
900 silly placeDep ROOT @esbuild/android-arm64@0.21.5 OK for: esbuild@0.21.5 want: 0.21.5
901 silly placeDep ROOT @esbuild/android-x64@0.21.5 OK for: esbuild@0.21.5 want: 0.21.5
902 silly placeDep ROOT @esbuild/darwin-arm64@0.21.5 OK for: esbuild@0.21.5 want: 0.21.5
903 silly placeDep ROOT @esbuild/darwin-x64@0.21.5 OK for: esbuild@0.21.5 want: 0.21.5
904 silly placeDep ROOT @esbuild/freebsd-arm64@0.21.5 OK for: esbuild@0.21.5 want: 0.21.5
905 silly placeDep ROOT @esbuild/freebsd-x64@0.21.5 OK for: esbuild@0.21.5 want: 0.21.5
906 silly placeDep ROOT @esbuild/linux-arm@0.21.5 OK for: esbuild@0.21.5 want: 0.21.5
907 silly placeDep ROOT @esbuild/linux-arm64@0.21.5 OK for: esbuild@0.21.5 want: 0.21.5
908 silly placeDep ROOT @esbuild/linux-ia32@0.21.5 OK for: esbuild@0.21.5 want: 0.21.5
909 silly placeDep ROOT @esbuild/linux-loong64@0.21.5 OK for: esbuild@0.21.5 want: 0.21.5
910 silly placeDep ROOT @esbuild/linux-mips64el@0.21.5 OK for: esbuild@0.21.5 want: 0.21.5
911 silly placeDep ROOT @esbuild/linux-ppc64@0.21.5 OK for: esbuild@0.21.5 want: 0.21.5
912 silly placeDep ROOT @esbuild/linux-riscv64@0.21.5 OK for: esbuild@0.21.5 want: 0.21.5
913 silly placeDep ROOT @esbuild/linux-s390x@0.21.5 OK for: esbuild@0.21.5 want: 0.21.5
914 silly placeDep ROOT @esbuild/linux-x64@0.21.5 OK for: esbuild@0.21.5 want: 0.21.5
915 silly placeDep ROOT @esbuild/netbsd-x64@0.21.5 OK for: esbuild@0.21.5 want: 0.21.5
916 silly placeDep ROOT @esbuild/openbsd-x64@0.21.5 OK for: esbuild@0.21.5 want: 0.21.5
917 silly placeDep ROOT @esbuild/sunos-x64@0.21.5 OK for: esbuild@0.21.5 want: 0.21.5
918 silly placeDep ROOT @esbuild/win32-arm64@0.21.5 OK for: esbuild@0.21.5 want: 0.21.5
919 silly placeDep ROOT @esbuild/win32-ia32@0.21.5 OK for: esbuild@0.21.5 want: 0.21.5
920 silly placeDep ROOT @esbuild/win32-x64@0.21.5 OK for: esbuild@0.21.5 want: 0.21.5
921 silly placeDep ROOT nanoid@3.3.15 OK for: postcss@8.5.16 want: ^3.3.12
922 silly placeDep ROOT source-map-js@1.2.1 OK for: postcss@8.5.16 want: ^1.2.1
923 silly placeDep ROOT @rollup/rollup-android-arm-eabi@4.62.2 OK for: rollup@4.62.2 want: 4.62.2
924 silly placeDep ROOT @rollup/rollup-android-arm64@4.62.2 OK for: rollup@4.62.2 want: 4.62.2
925 silly placeDep ROOT @rollup/rollup-darwin-arm64@4.62.2 OK for: rollup@4.62.2 want: 4.62.2
926 silly placeDep ROOT @rollup/rollup-darwin-x64@4.62.2 OK for: rollup@4.62.2 want: 4.62.2
927 silly placeDep ROOT @rollup/rollup-freebsd-arm64@4.62.2 OK for: rollup@4.62.2 want: 4.62.2
928 silly placeDep ROOT @rollup/rollup-freebsd-x64@4.62.2 OK for: rollup@4.62.2 want: 4.62.2
929 silly placeDep ROOT @rollup/rollup-linux-arm-gnueabihf@4.62.2 OK for: rollup@4.62.2 want: 4.62.2
930 silly placeDep ROOT @rollup/rollup-linux-arm-musleabihf@4.62.2 OK for: rollup@4.62.2 want: 4.62.2
931 silly placeDep ROOT @rollup/rollup-linux-arm64-gnu@4.62.2 OK for: rollup@4.62.2 want: 4.62.2
932 silly placeDep ROOT @rollup/rollup-linux-arm64-musl@4.62.2 OK for: rollup@4.62.2 want: 4.62.2
933 silly placeDep ROOT @rollup/rollup-linux-loong64-gnu@4.62.2 OK for: rollup@4.62.2 want: 4.62.2
934 silly placeDep ROOT @rollup/rollup-linux-loong64-musl@4.62.2 OK for: rollup@4.62.2 want: 4.62.2
935 silly placeDep ROOT @rollup/rollup-linux-ppc64-gnu@4.62.2 OK for: rollup@4.62.2 want: 4.62.2
936 silly placeDep ROOT @rollup/rollup-linux-ppc64-musl@4.62.2 OK for: rollup@4.62.2 want: 4.62.2
937 silly placeDep ROOT @rollup/rollup-linux-riscv64-gnu@4.62.2 OK for: rollup@4.62.2 want: 4.62.2
938 silly placeDep ROOT @rollup/rollup-linux-riscv64-musl@4.62.2 OK for: rollup@4.62.2 want: 4.62.2
939 silly placeDep ROOT @rollup/rollup-linux-s390x-gnu@4.62.2 OK for: rollup@4.62.2 want: 4.62.2
940 silly placeDep ROOT @rollup/rollup-linux-x64-gnu@4.62.2 OK for: rollup@4.62.2 want: 4.62.2
941 silly placeDep ROOT @rollup/rollup-linux-x64-musl@4.62.2 OK for: rollup@4.62.2 want: 4.62.2
942 silly placeDep ROOT @rollup/rollup-openbsd-x64@4.62.2 OK for: rollup@4.62.2 want: 4.62.2
943 silly placeDep ROOT @rollup/rollup-openharmony-arm64@4.62.2 OK for: rollup@4.62.2 want: 4.62.2
944 silly placeDep ROOT @rollup/rollup-win32-arm64-msvc@4.62.2 OK for: rollup@4.62.2 want: 4.62.2
945 silly placeDep ROOT @rollup/rollup-win32-ia32-msvc@4.62.2 OK for: rollup@4.62.2 want: 4.62.2
946 silly placeDep ROOT @rollup/rollup-win32-x64-gnu@4.62.2 OK for: rollup@4.62.2 want: 4.62.2
947 silly placeDep ROOT @rollup/rollup-win32-x64-msvc@4.62.2 OK for: rollup@4.62.2 want: 4.62.2
948 silly placeDep ROOT kolorist@1.8.0 OK for: vite-prerender-plugin@0.5.13 want: ^1.8.0
949 silly placeDep ROOT node-html-parser@6.1.13 OK for: vite-prerender-plugin@0.5.13 want: ^6.1.12
950 silly placeDep ROOT simple-code-frame@1.3.0 OK for: vite-prerender-plugin@0.5.13 want: ^1.3.0
951 silly placeDep ROOT source-map@0.7.6 OK for: vite-prerender-plugin@0.5.13 want: ^0.7.4
952 silly placeDep ROOT stack-trace@1.0.0 OK for: vite-prerender-plugin@0.5.13 want: ^1.0.0-pre2
953 silly fetch manifest he@1.2.0
954 silly packumentCache full:https://registry.npmjs.org/he cache-miss
955 silly fetch manifest css-select@^5.1.0
956 silly packumentCache full:https://registry.npmjs.org/css-select cache-miss
957 http fetch GET 200 https://registry.npmjs.org/css-select 653ms (cache miss)
958 silly packumentCache full:https://registry.npmjs.org/css-select set size:undefined disposed:false
959 http fetch GET 200 https://registry.npmjs.org/he 666ms (cache miss)
960 silly packumentCache full:https://registry.npmjs.org/he set size:undefined disposed:false
961 silly placeDep ROOT css-select@5.2.2 OK for: node-html-parser@6.1.13 want: ^5.1.0
962 silly placeDep ROOT he@1.2.0 OK for: node-html-parser@6.1.13 want: 1.2.0
963 silly fetch manifest boolbase@^1.0.0
964 silly packumentCache full:https://registry.npmjs.org/boolbase cache-miss
965 silly fetch manifest css-what@^6.1.0
966 silly packumentCache full:https://registry.npmjs.org/css-what cache-miss
967 silly fetch manifest domutils@^3.0.1
968 silly packumentCache full:https://registry.npmjs.org/domutils cache-miss
969 silly fetch manifest nth-check@^2.0.1
970 silly packumentCache full:https://registry.npmjs.org/nth-check cache-miss
971 silly fetch manifest domhandler@^5.0.2
972 silly packumentCache full:https://registry.npmjs.org/domhandler cache-miss
973 http fetch GET 200 https://registry.npmjs.org/css-what 468ms (cache miss)
974 silly packumentCache full:https://registry.npmjs.org/css-what set size:undefined disposed:false
975 http fetch GET 200 https://registry.npmjs.org/boolbase 478ms (cache miss)
976 silly packumentCache full:https://registry.npmjs.org/boolbase set size:undefined disposed:false
977 http fetch GET 200 https://registry.npmjs.org/nth-check 477ms (cache miss)
978 silly packumentCache full:https://registry.npmjs.org/nth-check set size:undefined disposed:false
979 http fetch GET 200 https://registry.npmjs.org/domhandler 510ms (cache miss)
980 silly packumentCache full:https://registry.npmjs.org/domhandler set size:undefined disposed:false
981 http fetch GET 200 https://registry.npmjs.org/domutils 518ms (cache miss)
982 silly packumentCache full:https://registry.npmjs.org/domutils set size:undefined disposed:false
983 silly placeDep ROOT boolbase@1.0.0 OK for: css-select@5.2.2 want: ^1.0.0
984 silly placeDep ROOT css-what@6.2.2 OK for: css-select@5.2.2 want: ^6.1.0
985 silly placeDep ROOT domhandler@5.0.3 OK for: css-select@5.2.2 want: ^5.0.2
986 silly placeDep ROOT domutils@3.2.2 OK for: css-select@5.2.2 want: ^3.0.1
987 silly placeDep ROOT nth-check@2.1.1 OK for: css-select@5.2.2 want: ^2.0.1
988 silly fetch manifest domelementtype@^2.3.0
989 silly packumentCache full:https://registry.npmjs.org/domelementtype cache-miss
990 silly fetch manifest dom-serializer@^2.0.0
991 silly packumentCache full:https://registry.npmjs.org/dom-serializer cache-miss
992 silly fetch manifest domelementtype@^2.3.0
993 silly packumentCache full:https://registry.npmjs.org/domelementtype cache-miss
994 http fetch GET 200 https://registry.npmjs.org/domelementtype 167ms (cache miss)
995 silly packumentCache full:https://registry.npmjs.org/domelementtype set size:undefined disposed:false
996 http fetch GET 200 https://registry.npmjs.org/domelementtype 169ms (cache miss)
997 silly packumentCache full:https://registry.npmjs.org/domelementtype set size:undefined disposed:false
998 http fetch GET 200 https://registry.npmjs.org/dom-serializer 170ms (cache miss)
999 silly packumentCache full:https://registry.npmjs.org/dom-serializer set size:undefined disposed:false
1000 silly placeDep ROOT domelementtype@2.3.0 OK for: domhandler@5.0.3 want: ^2.3.0
1001 silly placeDep ROOT dom-serializer@2.0.0 OK for: domutils@3.2.2 want: ^2.0.0
1002 silly fetch manifest entities@^4.2.0
1003 silly packumentCache full:https://registry.npmjs.org/entities cache-miss
1004 http fetch GET 200 https://registry.npmjs.org/entities 135ms (cache miss)
1005 silly packumentCache full:https://registry.npmjs.org/entities set size:undefined disposed:false
1006 silly placeDep ROOT entities@4.5.0 OK for: dom-serializer@2.0.0 want: ^4.2.0
1007 silly placeDep ROOT isexe@3.1.5 OK for: which@4.0.0 want: ^3.1.1
1008 silly placeDep node_modules/@prefresh/vite picomatch@2.3.2 OK for: @rollup/pluginutils@4.2.1 want: ^2.2.2
1009 silly reify moves {}
1010 silly audit bulk request {
1010 silly audit   '@preact/preset-vite': [ '2.10.5' ],
1010 silly audit   '@babel/core': [ '7.29.7' ],
1010 silly audit   vite: [ '5.4.21' ],
1010 silly audit   'lucide-preact': [ '0.468.0' ],
1010 silly audit   preact: [ '10.29.3' ],
1010 silly audit   'maplibre-gl': [ '4.7.1' ],
1010 silly audit   typescript: [ '5.9.3' ],
1010 silly audit   '@babel/code-frame': [ '7.29.7' ],
1010 silly audit   '@babel/generator': [ '7.29.7' ],
1010 silly audit   '@babel/helper-compilation-targets': [ '7.29.7' ],
1010 silly audit   '@babel/helper-module-transforms': [ '7.29.7' ],
1010 silly audit   '@babel/helpers': [ '7.29.7' ],
1010 silly audit   '@babel/parser': [ '7.29.7' ],
1010 silly audit   '@babel/template': [ '7.29.7' ],
1010 silly audit   '@babel/traverse': [ '7.29.7' ],
1010 silly audit   '@babel/types': [ '7.29.7' ],
1010 silly audit   '@jridgewell/remapping': [ '2.3.5' ],
1010 silly audit   'convert-source-map': [ '2.0.0' ],
1010 silly audit   debug: [ '4.4.3' ],
1010 silly audit   gensync: [ '1.0.0-beta.2' ],
1010 silly audit   json5: [ '2.2.3' ],
1010 silly audit   semver: [ '6.3.1' ],
1010 silly audit   '@babel/helper-validator-identifier': [ '7.29.7' ],
1010 silly audit   'js-tokens': [ '4.0.0' ],
1010 silly audit   picocolors: [ '1.1.1' ],
1010 silly audit   '@jridgewell/gen-mapping': [ '0.3.13' ],
1010 silly audit   '@jridgewell/trace-mapping': [ '0.3.31' ],
1010 silly audit   jsesc: [ '3.1.0' ],
1010 silly audit   '@babel/compat-data': [ '7.29.7' ],
1010 silly audit   '@babel/helper-validator-option': [ '7.29.7' ],
1010 silly audit   browserslist: [ '4.28.4' ],
1010 silly audit   'lru-cache': [ '5.1.1' ],
1010 silly audit   '@babel/helper-module-imports': [ '7.29.7' ],
1010 silly audit   '@babel/helper-globals': [ '7.29.7' ],
1010 silly audit   '@babel/helper-string-parser': [ '7.29.7' ],
1010 silly audit   '@jridgewell/sourcemap-codec': [ '1.5.5' ],
1010 silly audit   '@jridgewell/resolve-uri': [ '3.1.2' ],
1010 silly audit   '@babel/plugin-transform-react-jsx': [ '7.29.7' ],
1010 silly audit   '@babel/plugin-transform-react-jsx-development': [ '7.29.7' ],
1010 silly audit   '@prefresh/vite': [ '2.4.12' ],
1010 silly audit   '@rollup/pluginutils': [ '5.4.0', '4.2.1' ],
1010 silly audit   'babel-plugin-transform-hook-names': [ '1.0.2' ],
1010 silly audit   'magic-string': [ '0.30.21' ],
1010 silly audit   'vite-prerender-plugin': [ '0.5.13' ],
1010 silly audit   zimmerframe: [ '1.1.4' ],
1010 silly audit   '@babel/helper-annotate-as-pure': [ '7.29.7' ],
1010 silly audit   '@babel/helper-plugin-utils': [ '7.29.7' ],
1010 silly audit   '@babel/plugin-syntax-jsx': [ '7.29.7' ],
1010 silly audit   '@prefresh/babel-plugin': [ '0.5.3' ],
1010 silly audit   '@prefresh/core': [ '1.5.10' ],
1010 silly audit   '@prefresh/utils': [ '1.2.1' ],
1010 silly audit   '@types/estree': [ '1.0.9' ],
1010 silly audit   'estree-walker': [ '2.0.2' ],
1010 silly audit   picomatch: [ '4.0.4', '2.3.2' ],
1010 silly audit   'baseline-browser-mapping': [ '2.10.40' ],
1010 silly audit   'caniuse-lite': [ '1.0.30001799' ],
1010 silly audit   'electron-to-chromium': [ '1.5.381' ],
1010 silly audit   'node-releases': [ '2.0.50' ],
1010 silly audit   'update-browserslist-db': [ '1.2.3' ],
1010 silly audit   ms: [ '2.1.3' ],
1010 silly audit   yallist: [ '3.1.1' ],
1010 silly audit   '@mapbox/geojson-rewind': [ '0.5.2' ],
1010 silly audit   '@mapbox/jsonlint-lines-primitives': [ '2.0.3' ],
1010 silly audit   '@mapbox/point-geometry': [ '0.1.0' ],
1010 silly audit   '@mapbox/tiny-sdf': [ '2.2.0' ],
1010 silly audit   '@mapbox/unitbezier': [ '0.0.1' ],
1010 silly audit   '@mapbox/vector-tile': [ '1.3.1' ],
1010 silly audit   '@mapbox/whoots-js': [ '3.1.0' ],
1010 silly audit   '@maplibre/maplibre-gl-style-spec': [ '20.4.0' ],
1010 silly audit   '@types/geojson': [ '7946.0.16' ],
1010 silly audit   '@types/geojson-vt': [ '3.2.5' ],
1010 silly audit   '@types/mapbox__point-geometry': [ '0.1.4' ],
1010 silly audit   '@types/mapbox__vector-tile': [ '1.3.4' ],
1010 silly audit   '@types/pbf': [ '3.0.5' ],
1010 silly audit   '@types/supercluster': [ '7.1.3' ],
1010 silly audit   earcut: [ '3.1.0' ],
1010 silly audit   'geojson-vt': [ '4.0.3' ],
1010 silly audit   'gl-matrix': [ '3.4.4' ],
1010 silly audit   'global-prefix': [ '4.0.0' ],
1010 silly audit   kdbush: [ '4.1.0' ],
1010 silly audit   'murmurhash-js': [ '1.0.0' ],
1010 silly audit   pbf: [ '3.3.0' ],
1010 silly audit   potpack: [ '2.1.0' ],
1010 silly audit   quickselect: [ '3.0.0', '2.0.0' ],
1010 silly audit   supercluster: [ '8.0.1' ],
1010 silly audit   tinyqueue: [ '3.0.0' ],
1010 silly audit   'vt-pbf': [ '3.1.3' ],
1010 silly audit   'get-stream': [ '6.0.1' ],
1010 silly audit   minimist: [ '1.2.8' ],
1010 silly audit   'json-stringify-pretty-compact': [ '4.0.0' ],
1010 silly audit   rw: [ '1.3.3' ],
1010 silly audit   ini: [ '4.1.3' ],
1010 silly audit   'kind-of': [ '6.0.3' ],
1010 silly audit   which: [ '4.0.0' ],
1010 silly audit   ieee754: [ '1.2.1' ],
1010 silly audit   'resolve-protobuf-schema': [ '2.1.0' ],
1010 silly audit   'protocol-buffers-schema': [ '3.6.1' ],
1010 silly audit   escalade: [ '3.2.0' ],
1010 silly audit   esbuild: [ '0.21.5' ],
1010 silly audit   fsevents: [ '2.3.3' ],
1010 silly audit   postcss: [ '8.5.16' ],
1010 silly audit   rollup: [ '4.62.2' ],
1010 silly audit   '@esbuild/aix-ppc64': [ '0.21.5' ],
1010 silly audit   '@esbuild/android-arm': [ '0.21.5' ],
1010 silly audit   '@esbuild/android-arm64': [ '0.21.5' ],
1010 silly audit   '@esbuild/android-x64': [ '0.21.5' ],
1010 silly audit   '@esbuild/darwin-arm64': [ '0.21.5' ],
1010 silly audit   '@esbuild/darwin-x64': [ '0.21.5' ],
1010 silly audit   '@esbuild/freebsd-arm64': [ '0.21.5' ],
1010 silly audit   '@esbuild/freebsd-x64': [ '0.21.5' ],
1010 silly audit   '@esbuild/linux-arm': [ '0.21.5' ],
1010 silly audit   '@esbuild/linux-arm64': [ '0.21.5' ],
1010 silly audit   '@esbuild/linux-ia32': [ '0.21.5' ],
1010 silly audit   '@esbuild/linux-loong64': [ '0.21.5' ],
1010 silly audit   '@esbuild/linux-mips64el': [ '0.21.5' ],
1010 silly audit   '@esbuild/linux-ppc64': [ '0.21.5' ],
1010 silly audit   '@esbuild/linux-riscv64': [ '0.21.5' ],
1010 silly audit   '@esbuild/linux-s390x': [ '0.21.5' ],
1010 silly audit   '@esbuild/linux-x64': [ '0.21.5' ],
1010 silly audit   '@esbuild/netbsd-x64': [ '0.21.5' ],
1010 silly audit   '@esbuild/openbsd-x64': [ '0.21.5' ],
1010 silly audit   '@esbuild/sunos-x64': [ '0.21.5' ],
1010 silly audit   '@esbuild/win32-arm64': [ '0.21.5' ],
1010 silly audit   '@esbuild/win32-ia32': [ '0.21.5' ],
1010 silly audit   '@esbuild/win32-x64': [ '0.21.5' ],
1010 silly audit   nanoid: [ '3.3.15' ],
1010 silly audit   'source-map-js': [ '1.2.1' ],
1010 silly audit   '@rollup/rollup-android-arm-eabi': [ '4.62.2' ],
1010 silly audit   '@rollup/rollup-android-arm64': [ '4.62.2' ],
1010 silly audit   '@rollup/rollup-darwin-arm64': [ '4.62.2' ],
1010 silly audit   '@rollup/rollup-darwin-x64': [ '4.62.2' ],
1010 silly audit   '@rollup/rollup-freebsd-arm64': [ '4.62.2' ],
1010 silly audit   '@rollup/rollup-freebsd-x64': [ '4.62.2' ],
1010 silly audit   '@rollup/rollup-linux-arm-gnueabihf': [ '4.62.2' ],
1010 silly audit   '@rollup/rollup-linux-arm-musleabihf': [ '4.62.2' ],
1010 silly audit   '@rollup/rollup-linux-arm64-gnu': [ '4.62.2' ],
1010 silly audit   '@rollup/rollup-linux-arm64-musl': [ '4.62.2' ],
1010 silly audit   '@rollup/rollup-linux-loong64-gnu': [ '4.62.2' ],
1010 silly audit   '@rollup/rollup-linux-loong64-musl': [ '4.62.2' ],
1010 silly audit   '@rollup/rollup-linux-ppc64-gnu': [ '4.62.2' ],
1010 silly audit   '@rollup/rollup-linux-ppc64-musl': [ '4.62.2' ],
1010 silly audit   '@rollup/rollup-linux-riscv64-gnu': [ '4.62.2' ],
1010 silly audit   '@rollup/rollup-linux-riscv64-musl': [ '4.62.2' ],
1010 silly audit   '@rollup/rollup-linux-s390x-gnu': [ '4.62.2' ],
1010 silly audit   '@rollup/rollup-linux-x64-gnu': [ '4.62.2' ],
1010 silly audit   '@rollup/rollup-linux-x64-musl': [ '4.62.2' ],
1010 silly audit   '@rollup/rollup-openbsd-x64': [ '4.62.2' ],
1010 silly audit   '@rollup/rollup-openharmony-arm64': [ '4.62.2' ],
1010 silly audit   '@rollup/rollup-win32-arm64-msvc': [ '4.62.2' ],
1010 silly audit   '@rollup/rollup-win32-ia32-msvc': [ '4.62.2' ],
1010 silly audit   '@rollup/rollup-win32-x64-gnu': [ '4.62.2' ],
1010 silly audit   '@rollup/rollup-win32-x64-msvc': [ '4.62.2' ],
1010 silly audit   kolorist: [ '1.8.0' ],
1010 silly audit   'node-html-parser': [ '6.1.13' ],
1010 silly audit   'simple-code-frame': [ '1.3.0' ],
1010 silly audit   'source-map': [ '0.7.6' ],
1010 silly audit   'stack-trace': [ '1.0.0' ],
1010 silly audit   'css-select': [ '5.2.2' ],
1010 silly audit   he: [ '1.2.0' ],
1010 silly audit   boolbase: [ '1.0.0' ],
1010 silly audit   'css-what': [ '6.2.2' ],
1010 silly audit   domhandler: [ '5.0.3' ],
1010 silly audit   domutils: [ '3.2.2' ],
1010 silly audit   'nth-check': [ '2.1.1' ],
1010 silly audit   domelementtype: [ '2.3.0' ],
1010 silly audit   'dom-serializer': [ '2.0.0' ],
1010 silly audit   entities: [ '4.5.0' ],
1010 silly audit   isexe: [ '3.1.5' ]
1010 silly audit }
1011 http cache entities@https://registry.npmjs.org/entities/-/entities-4.5.0.tgz 0ms (cache hit)
1012 http cache domelementtype@https://registry.npmjs.org/domelementtype/-/domelementtype-2.3.0.tgz 0ms (cache hit)
1013 http cache dom-serializer@https://registry.npmjs.org/dom-serializer/-/dom-serializer-2.0.0.tgz 1ms (cache hit)
1014 http cache domutils@https://registry.npmjs.org/domutils/-/domutils-3.2.2.tgz 0ms (cache hit)
1015 http cache nth-check@https://registry.npmjs.org/nth-check/-/nth-check-2.1.1.tgz 0ms (cache hit)
1016 http cache domhandler@https://registry.npmjs.org/domhandler/-/domhandler-5.0.3.tgz 0ms (cache hit)
1017 http cache css-select@https://registry.npmjs.org/css-select/-/css-select-5.2.2.tgz 0ms (cache hit)
1018 http cache he@https://registry.npmjs.org/he/-/he-1.2.0.tgz 0ms (cache hit)
1019 http cache source-map@https://registry.npmjs.org/source-map/-/source-map-0.7.6.tgz 0ms (cache hit)
1020 http cache boolbase@https://registry.npmjs.org/boolbase/-/boolbase-1.0.0.tgz 0ms (cache hit)
1021 http cache css-what@https://registry.npmjs.org/css-what/-/css-what-6.2.2.tgz 0ms (cache hit)
1022 http cache simple-code-frame@https://registry.npmjs.org/simple-code-frame/-/simple-code-frame-1.3.0.tgz 0ms (cache hit)
1023 http cache stack-trace@https://registry.npmjs.org/stack-trace/-/stack-trace-1.0.0.tgz 0ms (cache hit)
1024 http cache kolorist@https://registry.npmjs.org/kolorist/-/kolorist-1.8.0.tgz 0ms (cache hit)
1025 http cache @rollup/rollup-win32-x64-gnu@https://registry.npmjs.org/@rollup/rollup-win32-x64-gnu/-/rollup-win32-x64-gnu-4.62.2.tgz 0ms (cache hit)
1026 http cache @esbuild/win32-x64@https://registry.npmjs.org/@esbuild/win32-x64/-/win32-x64-0.21.5.tgz 0ms (cache hit)
1027 http cache isexe@https://registry.npmjs.org/isexe/-/isexe-3.1.5.tgz 0ms (cache hit)
1028 http cache source-map-js@https://registry.npmjs.org/source-map-js/-/source-map-js-1.2.1.tgz 0ms (cache hit)
1029 http cache @rollup/rollup-win32-x64-msvc@https://registry.npmjs.org/@rollup/rollup-win32-x64-msvc/-/rollup-win32-x64-msvc-4.62.2.tgz 1ms (cache hit)
1030 http cache node-html-parser@https://registry.npmjs.org/node-html-parser/-/node-html-parser-6.1.13.tgz 1ms (cache hit)
1031 http cache rollup@https://registry.npmjs.org/rollup/-/rollup-4.62.2.tgz 0ms (cache hit)
1032 http cache postcss@https://registry.npmjs.org/postcss/-/postcss-8.5.16.tgz 0ms (cache hit)
1033 http cache escalade@https://registry.npmjs.org/escalade/-/escalade-3.2.0.tgz 0ms (cache hit)
1034 http cache esbuild@https://registry.npmjs.org/esbuild/-/esbuild-0.21.5.tgz 0ms (cache hit)
1035 http cache resolve-protobuf-schema@https://registry.npmjs.org/resolve-protobuf-schema/-/resolve-protobuf-schema-2.1.0.tgz 0ms (cache hit)
1036 http cache protocol-buffers-schema@https://registry.npmjs.org/protocol-buffers-schema/-/protocol-buffers-schema-3.6.1.tgz 0ms (cache hit)
1037 http cache ieee754@https://registry.npmjs.org/ieee754/-/ieee754-1.2.1.tgz 0ms (cache hit)
1038 http cache kind-of@https://registry.npmjs.org/kind-of/-/kind-of-6.0.3.tgz 0ms (cache hit)
1039 http cache ini@https://registry.npmjs.org/ini/-/ini-4.1.3.tgz 0ms (cache hit)
1040 http cache which@https://registry.npmjs.org/which/-/which-4.0.0.tgz 0ms (cache hit)
1041 http cache rw@https://registry.npmjs.org/rw/-/rw-1.3.3.tgz 0ms (cache hit)
1042 http cache json-stringify-pretty-compact@https://registry.npmjs.org/json-stringify-pretty-compact/-/json-stringify-pretty-compact-4.0.0.tgz 0ms (cache hit)
1043 http cache minimist@https://registry.npmjs.org/minimist/-/minimist-1.2.8.tgz 0ms (cache hit)
1044 http cache get-stream@https://registry.npmjs.org/get-stream/-/get-stream-6.0.1.tgz 0ms (cache hit)
1045 http cache vt-pbf@https://registry.npmjs.org/vt-pbf/-/vt-pbf-3.1.3.tgz 0ms (cache hit)
1046 http cache tinyqueue@https://registry.npmjs.org/tinyqueue/-/tinyqueue-3.0.0.tgz 0ms (cache hit)
1047 http cache supercluster@https://registry.npmjs.org/supercluster/-/supercluster-8.0.1.tgz 0ms (cache hit)
1048 http cache quickselect@https://registry.npmjs.org/quickselect/-/quickselect-3.0.0.tgz 0ms (cache hit)
1049 http cache potpack@https://registry.npmjs.org/potpack/-/potpack-2.1.0.tgz 0ms (cache hit)
1050 http cache murmurhash-js@https://registry.npmjs.org/murmurhash-js/-/murmurhash-js-1.0.0.tgz 0ms (cache hit)
1051 http cache kdbush@https://registry.npmjs.org/kdbush/-/kdbush-4.1.0.tgz 0ms (cache hit)
1052 http cache global-prefix@https://registry.npmjs.org/global-prefix/-/global-prefix-4.0.0.tgz 0ms (cache hit)
1053 http cache pbf@https://registry.npmjs.org/pbf/-/pbf-3.3.0.tgz 0ms (cache hit)
1054 http cache gl-matrix@https://registry.npmjs.org/gl-matrix/-/gl-matrix-3.4.4.tgz 0ms (cache hit)
1055 http cache @types/supercluster@https://registry.npmjs.org/@types/supercluster/-/supercluster-7.1.3.tgz 0ms (cache hit)
1056 http cache earcut@https://registry.npmjs.org/earcut/-/earcut-3.1.0.tgz 0ms (cache hit)
1057 http cache geojson-vt@https://registry.npmjs.org/geojson-vt/-/geojson-vt-4.0.3.tgz 0ms (cache hit)
1058 http cache @types/mapbox__vector-tile@https://registry.npmjs.org/@types/mapbox__vector-tile/-/mapbox__vector-tile-1.3.4.tgz 0ms (cache hit)
1059 http cache @types/geojson-vt@https://registry.npmjs.org/@types/geojson-vt/-/geojson-vt-3.2.5.tgz 0ms (cache hit)
1060 http cache @types/geojson@https://registry.npmjs.org/@types/geojson/-/geojson-7946.0.16.tgz 1ms (cache hit)
1061 http cache @types/mapbox__point-geometry@https://registry.npmjs.org/@types/mapbox__point-geometry/-/mapbox__point-geometry-0.1.4.tgz 0ms (cache hit)
1062 http cache @maplibre/maplibre-gl-style-spec@https://registry.npmjs.org/@maplibre/maplibre-gl-style-spec/-/maplibre-gl-style-spec-20.4.0.tgz 0ms (cache hit)
1063 http cache @mapbox/whoots-js@https://registry.npmjs.org/@mapbox/whoots-js/-/whoots-js-3.1.0.tgz 0ms (cache hit)
1064 http cache @types/pbf@https://registry.npmjs.org/@types/pbf/-/pbf-3.0.5.tgz 0ms (cache hit)
1065 http cache @mapbox/unitbezier@https://registry.npmjs.org/@mapbox/unitbezier/-/unitbezier-0.0.1.tgz 0ms (cache hit)
1066 http cache nanoid@https://registry.npmjs.org/nanoid/-/nanoid-3.3.15.tgz 0ms (cache hit)
1067 http cache @mapbox/vector-tile@https://registry.npmjs.org/@mapbox/vector-tile/-/vector-tile-1.3.1.tgz 0ms (cache hit)
1068 http cache @mapbox/tiny-sdf@https://registry.npmjs.org/@mapbox/tiny-sdf/-/tiny-sdf-2.2.0.tgz 0ms (cache hit)
1069 http cache ms@https://registry.npmjs.org/ms/-/ms-2.1.3.tgz 0ms (cache hit)
1070 http cache @mapbox/point-geometry@https://registry.npmjs.org/@mapbox/point-geometry/-/point-geometry-0.1.0.tgz 0ms (cache hit)
1071 http cache @mapbox/jsonlint-lines-primitives@https://registry.npmjs.org/@mapbox/jsonlint-lines-primitives/-/jsonlint-lines-primitives-2.0.3.tgz 0ms (cache hit)
1072 http cache @mapbox/geojson-rewind@https://registry.npmjs.org/@mapbox/geojson-rewind/-/geojson-rewind-0.5.2.tgz 0ms (cache hit)
1073 http cache yallist@https://registry.npmjs.org/yallist/-/yallist-3.1.1.tgz 0ms (cache hit)
1074 http cache update-browserslist-db@https://registry.npmjs.org/update-browserslist-db/-/update-browserslist-db-1.2.3.tgz 0ms (cache hit)
1075 http cache electron-to-chromium@https://registry.npmjs.org/electron-to-chromium/-/electron-to-chromium-1.5.381.tgz 0ms (cache hit)
1076 http cache caniuse-lite@https://registry.npmjs.org/caniuse-lite/-/caniuse-lite-1.0.30001799.tgz 0ms (cache hit)
1077 http cache node-releases@https://registry.npmjs.org/node-releases/-/node-releases-2.0.50.tgz 0ms (cache hit)
1078 http cache @prefresh/utils@https://registry.npmjs.org/@prefresh/utils/-/utils-1.2.1.tgz 0ms (cache hit)
1079 http cache estree-walker@https://registry.npmjs.org/estree-walker/-/estree-walker-2.0.2.tgz 0ms (cache hit)
1080 http cache picomatch@https://registry.npmjs.org/picomatch/-/picomatch-4.0.4.tgz 0ms (cache hit)
1081 http cache @types/estree@https://registry.npmjs.org/@types/estree/-/estree-1.0.9.tgz 0ms (cache hit)
1082 http cache @prefresh/core@https://registry.npmjs.org/@prefresh/core/-/core-1.5.10.tgz 0ms (cache hit)
1083 http cache @babel/plugin-syntax-jsx@https://registry.npmjs.org/@babel/plugin-syntax-jsx/-/plugin-syntax-jsx-7.29.7.tgz 0ms (cache hit)
1084 http cache baseline-browser-mapping@https://registry.npmjs.org/baseline-browser-mapping/-/baseline-browser-mapping-2.10.40.tgz 0ms (cache hit)
1085 http cache zimmerframe@https://registry.npmjs.org/zimmerframe/-/zimmerframe-1.1.4.tgz 0ms (cache hit)
1086 http cache @prefresh/babel-plugin@https://registry.npmjs.org/@prefresh/babel-plugin/-/babel-plugin-0.5.3.tgz 0ms (cache hit)
1087 http cache @babel/helper-annotate-as-pure@https://registry.npmjs.org/@babel/helper-annotate-as-pure/-/helper-annotate-as-pure-7.29.7.tgz 0ms (cache hit)
1088 http cache @babel/helper-plugin-utils@https://registry.npmjs.org/@babel/helper-plugin-utils/-/helper-plugin-utils-7.29.7.tgz 0ms (cache hit)
1089 http cache @prefresh/vite@https://registry.npmjs.org/@prefresh/vite/-/vite-2.4.12.tgz 0ms (cache hit)
1090 http cache magic-string@https://registry.npmjs.org/magic-string/-/magic-string-0.30.21.tgz 0ms (cache hit)
1091 http cache vite-prerender-plugin@https://registry.npmjs.org/vite-prerender-plugin/-/vite-prerender-plugin-0.5.13.tgz 0ms (cache hit)
1092 http cache @rollup/pluginutils@https://registry.npmjs.org/@rollup/pluginutils/-/pluginutils-5.4.0.tgz 0ms (cache hit)
1093 http cache babel-plugin-transform-hook-names@https://registry.npmjs.org/babel-plugin-transform-hook-names/-/babel-plugin-transform-hook-names-1.0.2.tgz 0ms (cache hit)
1094 http cache @babel/plugin-transform-react-jsx-development@https://registry.npmjs.org/@babel/plugin-transform-react-jsx-development/-/plugin-transform-react-jsx-development-7.29.7.tgz 0ms (cache hit)
1095 http cache @babel/plugin-transform-react-jsx@https://registry.npmjs.org/@babel/plugin-transform-react-jsx/-/plugin-transform-react-jsx-7.29.7.tgz 0ms (cache hit)
1096 http cache @jridgewell/resolve-uri@https://registry.npmjs.org/@jridgewell/resolve-uri/-/resolve-uri-3.1.2.tgz 0ms (cache hit)
1097 http cache lru-cache@https://registry.npmjs.org/lru-cache/-/lru-cache-5.1.1.tgz 0ms (cache hit)
1098 http cache @babel/helper-string-parser@https://registry.npmjs.org/@babel/helper-string-parser/-/helper-string-parser-7.29.7.tgz 0ms (cache hit)
1099 http cache browserslist@https://registry.npmjs.org/browserslist/-/browserslist-4.28.4.tgz 0ms (cache hit)
1100 http cache @babel/helper-globals@https://registry.npmjs.org/@babel/helper-globals/-/helper-globals-7.29.7.tgz 0ms (cache hit)
1101 http cache @babel/compat-data@https://registry.npmjs.org/@babel/compat-data/-/compat-data-7.29.7.tgz 0ms (cache hit)
1102 http cache @jridgewell/sourcemap-codec@https://registry.npmjs.org/@jridgewell/sourcemap-codec/-/sourcemap-codec-1.5.5.tgz 0ms (cache hit)
1103 http cache @babel/helper-validator-option@https://registry.npmjs.org/@babel/helper-validator-option/-/helper-validator-option-7.29.7.tgz 0ms (cache hit)
1104 http cache @babel/helper-module-imports@https://registry.npmjs.org/@babel/helper-module-imports/-/helper-module-imports-7.29.7.tgz 0ms (cache hit)
1105 http cache @jridgewell/trace-mapping@https://registry.npmjs.org/@jridgewell/trace-mapping/-/trace-mapping-0.3.31.tgz 0ms (cache hit)
1106 http cache jsesc@https://registry.npmjs.org/jsesc/-/jsesc-3.1.0.tgz 0ms (cache hit)
1107 http cache picocolors@https://registry.npmjs.org/picocolors/-/picocolors-1.1.1.tgz 0ms (cache hit)
1108 http cache js-tokens@https://registry.npmjs.org/js-tokens/-/js-tokens-4.0.0.tgz 0ms (cache hit)
1109 http cache @jridgewell/gen-mapping@https://registry.npmjs.org/@jridgewell/gen-mapping/-/gen-mapping-0.3.13.tgz 0ms (cache hit)
1110 http cache @jridgewell/remapping@https://registry.npmjs.org/@jridgewell/remapping/-/remapping-2.3.5.tgz 0ms (cache hit)
1111 http cache gensync@https://registry.npmjs.org/gensync/-/gensync-1.0.0-beta.2.tgz 0ms (cache hit)
1112 http cache json5@https://registry.npmjs.org/json5/-/json5-2.2.3.tgz 0ms (cache hit)
1113 http cache debug@https://registry.npmjs.org/debug/-/debug-4.4.3.tgz 0ms (cache hit)
1114 http cache convert-source-map@https://registry.npmjs.org/convert-source-map/-/convert-source-map-2.0.0.tgz 0ms (cache hit)
1115 http cache @babel/types@https://registry.npmjs.org/@babel/types/-/types-7.29.7.tgz 0ms (cache hit)
1116 http cache semver@https://registry.npmjs.org/semver/-/semver-6.3.1.tgz 0ms (cache hit)
1117 http cache @babel/helper-validator-identifier@https://registry.npmjs.org/@babel/helper-validator-identifier/-/helper-validator-identifier-7.29.7.tgz 0ms (cache hit)
1118 http cache @babel/traverse@https://registry.npmjs.org/@babel/traverse/-/traverse-7.29.7.tgz 0ms (cache hit)
1119 http cache @babel/template@https://registry.npmjs.org/@babel/template/-/template-7.29.7.tgz 0ms (cache hit)
1120 http cache @babel/parser@https://registry.npmjs.org/@babel/parser/-/parser-7.29.7.tgz 0ms (cache hit)
1121 http cache @babel/helper-module-transforms@https://registry.npmjs.org/@babel/helper-module-transforms/-/helper-module-transforms-7.29.7.tgz 0ms (cache hit)
1122 http cache @babel/code-frame@https://registry.npmjs.org/@babel/code-frame/-/code-frame-7.29.7.tgz 0ms (cache hit)
1123 http cache typescript@https://registry.npmjs.org/typescript/-/typescript-5.9.3.tgz 0ms (cache hit)
1124 http cache preact@https://registry.npmjs.org/preact/-/preact-10.29.3.tgz 0ms (cache hit)
1125 http cache maplibre-gl@https://registry.npmjs.org/maplibre-gl/-/maplibre-gl-4.7.1.tgz 0ms (cache hit)
1126 http cache lucide-preact@https://registry.npmjs.org/lucide-preact/-/lucide-preact-0.468.0.tgz 0ms (cache hit)
1127 http cache vite@https://registry.npmjs.org/vite/-/vite-5.4.21.tgz 0ms (cache hit)
1128 http cache @preact/preset-vite@https://registry.npmjs.org/@preact/preset-vite/-/preset-vite-2.10.5.tgz 0ms (cache hit)
1129 http cache quickselect@https://registry.npmjs.org/quickselect/-/quickselect-2.0.0.tgz 0ms (cache hit)
1130 http cache @rollup/pluginutils@https://registry.npmjs.org/@rollup/pluginutils/-/pluginutils-4.2.1.tgz 0ms (cache hit)
1131 http cache picomatch@https://registry.npmjs.org/picomatch/-/picomatch-2.3.2.tgz 0ms (cache hit)
1132 http cache @babel/helper-compilation-targets@https://registry.npmjs.org/@babel/helper-compilation-targets/-/helper-compilation-targets-7.29.7.tgz 0ms (cache hit)
1133 http cache @babel/core@https://registry.npmjs.org/@babel/core/-/core-7.29.7.tgz 0ms (cache hit)
1134 http cache @babel/helpers@https://registry.npmjs.org/@babel/helpers/-/helpers-7.29.7.tgz 0ms (cache hit)
1135 http cache @babel/generator@https://registry.npmjs.org/@babel/generator/-/generator-7.29.7.tgz 0ms (cache hit)
1136 silly tarball no local data for entities@https://registry.npmjs.org/entities/-/entities-4.5.0.tgz. Extracting by manifest.
1137 silly tarball no local data for domelementtype@https://registry.npmjs.org/domelementtype/-/domelementtype-2.3.0.tgz. Extracting by manifest.
1138 silly tarball no local data for dom-serializer@https://registry.npmjs.org/dom-serializer/-/dom-serializer-2.0.0.tgz. Extracting by manifest.
1139 silly tarball no local data for domutils@https://registry.npmjs.org/domutils/-/domutils-3.2.2.tgz. Extracting by manifest.
1140 silly tarball no local data for nth-check@https://registry.npmjs.org/nth-check/-/nth-check-2.1.1.tgz. Extracting by manifest.
1141 silly tarball no local data for domhandler@https://registry.npmjs.org/domhandler/-/domhandler-5.0.3.tgz. Extracting by manifest.
1142 silly tarball no local data for css-select@https://registry.npmjs.org/css-select/-/css-select-5.2.2.tgz. Extracting by manifest.
1143 silly tarball no local data for he@https://registry.npmjs.org/he/-/he-1.2.0.tgz. Extracting by manifest.
1144 silly tarball no local data for source-map@https://registry.npmjs.org/source-map/-/source-map-0.7.6.tgz. Extracting by manifest.
1145 silly tarball no local data for boolbase@https://registry.npmjs.org/boolbase/-/boolbase-1.0.0.tgz. Extracting by manifest.
1146 silly tarball no local data for css-what@https://registry.npmjs.org/css-what/-/css-what-6.2.2.tgz. Extracting by manifest.
1147 silly tarball no local data for simple-code-frame@https://registry.npmjs.org/simple-code-frame/-/simple-code-frame-1.3.0.tgz. Extracting by manifest.
1148 silly tarball no local data for stack-trace@https://registry.npmjs.org/stack-trace/-/stack-trace-1.0.0.tgz. Extracting by manifest.
1149 silly tarball no local data for kolorist@https://registry.npmjs.org/kolorist/-/kolorist-1.8.0.tgz. Extracting by manifest.
1150 silly tarball no local data for @rollup/rollup-win32-x64-gnu@https://registry.npmjs.org/@rollup/rollup-win32-x64-gnu/-/rollup-win32-x64-gnu-4.62.2.tgz. Extracting by manifest.
1151 silly tarball no local data for @esbuild/win32-x64@https://registry.npmjs.org/@esbuild/win32-x64/-/win32-x64-0.21.5.tgz. Extracting by manifest.
1152 silly tarball no local data for isexe@https://registry.npmjs.org/isexe/-/isexe-3.1.5.tgz. Extracting by manifest.
1153 silly tarball no local data for source-map-js@https://registry.npmjs.org/source-map-js/-/source-map-js-1.2.1.tgz. Extracting by manifest.
1154 silly tarball no local data for @rollup/rollup-win32-x64-msvc@https://registry.npmjs.org/@rollup/rollup-win32-x64-msvc/-/rollup-win32-x64-msvc-4.62.2.tgz. Extracting by manifest.
1155 silly tarball no local data for node-html-parser@https://registry.npmjs.org/node-html-parser/-/node-html-parser-6.1.13.tgz. Extracting by manifest.
1156 silly tarball no local data for rollup@https://registry.npmjs.org/rollup/-/rollup-4.62.2.tgz. Extracting by manifest.
1157 silly tarball no local data for postcss@https://registry.npmjs.org/postcss/-/postcss-8.5.16.tgz. Extracting by manifest.
1158 silly tarball no local data for escalade@https://registry.npmjs.org/escalade/-/escalade-3.2.0.tgz. Extracting by manifest.
1159 silly tarball no local data for esbuild@https://registry.npmjs.org/esbuild/-/esbuild-0.21.5.tgz. Extracting by manifest.
1160 silly tarball no local data for resolve-protobuf-schema@https://registry.npmjs.org/resolve-protobuf-schema/-/resolve-protobuf-schema-2.1.0.tgz. Extracting by manifest.
1161 silly tarball no local data for protocol-buffers-schema@https://registry.npmjs.org/protocol-buffers-schema/-/protocol-buffers-schema-3.6.1.tgz. Extracting by manifest.
1162 silly tarball no local data for ieee754@https://registry.npmjs.org/ieee754/-/ieee754-1.2.1.tgz. Extracting by manifest.
1163 silly tarball no local data for kind-of@https://registry.npmjs.org/kind-of/-/kind-of-6.0.3.tgz. Extracting by manifest.
1164 silly tarball no local data for ini@https://registry.npmjs.org/ini/-/ini-4.1.3.tgz. Extracting by manifest.
1165 silly tarball no local data for which@https://registry.npmjs.org/which/-/which-4.0.0.tgz. Extracting by manifest.
1166 silly tarball no local data for rw@https://registry.npmjs.org/rw/-/rw-1.3.3.tgz. Extracting by manifest.
1167 silly tarball no local data for json-stringify-pretty-compact@https://registry.npmjs.org/json-stringify-pretty-compact/-/json-stringify-pretty-compact-4.0.0.tgz. Extracting by manifest.
1168 silly tarball no local data for minimist@https://registry.npmjs.org/minimist/-/minimist-1.2.8.tgz. Extracting by manifest.
1169 silly tarball no local data for get-stream@https://registry.npmjs.org/get-stream/-/get-stream-6.0.1.tgz. Extracting by manifest.
1170 silly tarball no local data for vt-pbf@https://registry.npmjs.org/vt-pbf/-/vt-pbf-3.1.3.tgz. Extracting by manifest.
1171 silly tarball no local data for tinyqueue@https://registry.npmjs.org/tinyqueue/-/tinyqueue-3.0.0.tgz. Extracting by manifest.
1172 silly tarball no local data for supercluster@https://registry.npmjs.org/supercluster/-/supercluster-8.0.1.tgz. Extracting by manifest.
1173 silly tarball no local data for quickselect@https://registry.npmjs.org/quickselect/-/quickselect-3.0.0.tgz. Extracting by manifest.
1174 silly tarball no local data for potpack@https://registry.npmjs.org/potpack/-/potpack-2.1.0.tgz. Extracting by manifest.
1175 silly tarball no local data for murmurhash-js@https://registry.npmjs.org/murmurhash-js/-/murmurhash-js-1.0.0.tgz. Extracting by manifest.
1176 silly tarball no local data for kdbush@https://registry.npmjs.org/kdbush/-/kdbush-4.1.0.tgz. Extracting by manifest.
1177 silly tarball no local data for global-prefix@https://registry.npmjs.org/global-prefix/-/global-prefix-4.0.0.tgz. Extracting by manifest.
1178 silly tarball no local data for pbf@https://registry.npmjs.org/pbf/-/pbf-3.3.0.tgz. Extracting by manifest.
1179 silly tarball no local data for gl-matrix@https://registry.npmjs.org/gl-matrix/-/gl-matrix-3.4.4.tgz. Extracting by manifest.
1180 silly tarball no local data for @types/supercluster@https://registry.npmjs.org/@types/supercluster/-/supercluster-7.1.3.tgz. Extracting by manifest.
1181 silly tarball no local data for earcut@https://registry.npmjs.org/earcut/-/earcut-3.1.0.tgz. Extracting by manifest.
1182 silly tarball no local data for geojson-vt@https://registry.npmjs.org/geojson-vt/-/geojson-vt-4.0.3.tgz. Extracting by manifest.
1183 silly tarball no local data for @types/mapbox__vector-tile@https://registry.npmjs.org/@types/mapbox__vector-tile/-/mapbox__vector-tile-1.3.4.tgz. Extracting by manifest.
1184 silly tarball no local data for @types/geojson-vt@https://registry.npmjs.org/@types/geojson-vt/-/geojson-vt-3.2.5.tgz. Extracting by manifest.
1185 silly tarball no local data for @types/geojson@https://registry.npmjs.org/@types/geojson/-/geojson-7946.0.16.tgz. Extracting by manifest.
1186 silly tarball no local data for @types/mapbox__point-geometry@https://registry.npmjs.org/@types/mapbox__point-geometry/-/mapbox__point-geometry-0.1.4.tgz. Extracting by manifest.
1187 silly tarball no local data for @maplibre/maplibre-gl-style-spec@https://registry.npmjs.org/@maplibre/maplibre-gl-style-spec/-/maplibre-gl-style-spec-20.4.0.tgz. Extracting by manifest.
1188 silly tarball no local data for @mapbox/whoots-js@https://registry.npmjs.org/@mapbox/whoots-js/-/whoots-js-3.1.0.tgz. Extracting by manifest.
1189 silly tarball no local data for @types/pbf@https://registry.npmjs.org/@types/pbf/-/pbf-3.0.5.tgz. Extracting by manifest.
1190 silly tarball no local data for @mapbox/unitbezier@https://registry.npmjs.org/@mapbox/unitbezier/-/unitbezier-0.0.1.tgz. Extracting by manifest.
1191 silly tarball no local data for nanoid@https://registry.npmjs.org/nanoid/-/nanoid-3.3.15.tgz. Extracting by manifest.
1192 silly tarball no local data for @mapbox/vector-tile@https://registry.npmjs.org/@mapbox/vector-tile/-/vector-tile-1.3.1.tgz. Extracting by manifest.
1193 silly tarball no local data for @mapbox/tiny-sdf@https://registry.npmjs.org/@mapbox/tiny-sdf/-/tiny-sdf-2.2.0.tgz. Extracting by manifest.
1194 silly tarball no local data for ms@https://registry.npmjs.org/ms/-/ms-2.1.3.tgz. Extracting by manifest.
1195 silly tarball no local data for @mapbox/point-geometry@https://registry.npmjs.org/@mapbox/point-geometry/-/point-geometry-0.1.0.tgz. Extracting by manifest.
1196 silly tarball no local data for @mapbox/jsonlint-lines-primitives@https://registry.npmjs.org/@mapbox/jsonlint-lines-primitives/-/jsonlint-lines-primitives-2.0.3.tgz. Extracting by manifest.
1197 silly tarball no local data for @mapbox/geojson-rewind@https://registry.npmjs.org/@mapbox/geojson-rewind/-/geojson-rewind-0.5.2.tgz. Extracting by manifest.
1198 silly tarball no local data for yallist@https://registry.npmjs.org/yallist/-/yallist-3.1.1.tgz. Extracting by manifest.
1199 silly tarball no local data for update-browserslist-db@https://registry.npmjs.org/update-browserslist-db/-/update-browserslist-db-1.2.3.tgz. Extracting by manifest.
1200 silly tarball no local data for electron-to-chromium@https://registry.npmjs.org/electron-to-chromium/-/electron-to-chromium-1.5.381.tgz. Extracting by manifest.
1201 silly tarball no local data for caniuse-lite@https://registry.npmjs.org/caniuse-lite/-/caniuse-lite-1.0.30001799.tgz. Extracting by manifest.
1202 silly tarball no local data for node-releases@https://registry.npmjs.org/node-releases/-/node-releases-2.0.50.tgz. Extracting by manifest.
1203 silly tarball no local data for @prefresh/utils@https://registry.npmjs.org/@prefresh/utils/-/utils-1.2.1.tgz. Extracting by manifest.
1204 silly tarball no local data for estree-walker@https://registry.npmjs.org/estree-walker/-/estree-walker-2.0.2.tgz. Extracting by manifest.
1205 silly tarball no local data for picomatch@https://registry.npmjs.org/picomatch/-/picomatch-4.0.4.tgz. Extracting by manifest.
1206 silly tarball no local data for @types/estree@https://registry.npmjs.org/@types/estree/-/estree-1.0.9.tgz. Extracting by manifest.
1207 silly tarball no local data for @prefresh/core@https://registry.npmjs.org/@prefresh/core/-/core-1.5.10.tgz. Extracting by manifest.
1208 silly tarball no local data for @babel/plugin-syntax-jsx@https://registry.npmjs.org/@babel/plugin-syntax-jsx/-/plugin-syntax-jsx-7.29.7.tgz. Extracting by manifest.
1209 silly tarball no local data for baseline-browser-mapping@https://registry.npmjs.org/baseline-browser-mapping/-/baseline-browser-mapping-2.10.40.tgz. Extracting by manifest.
1210 silly tarball no local data for zimmerframe@https://registry.npmjs.org/zimmerframe/-/zimmerframe-1.1.4.tgz. Extracting by manifest.
1211 silly tarball no local data for @prefresh/babel-plugin@https://registry.npmjs.org/@prefresh/babel-plugin/-/babel-plugin-0.5.3.tgz. Extracting by manifest.
1212 silly tarball no local data for @babel/helper-annotate-as-pure@https://registry.npmjs.org/@babel/helper-annotate-as-pure/-/helper-annotate-as-pure-7.29.7.tgz. Extracting by manifest.
1213 silly tarball no local data for @babel/helper-plugin-utils@https://registry.npmjs.org/@babel/helper-plugin-utils/-/helper-plugin-utils-7.29.7.tgz. Extracting by manifest.
1214 silly tarball no local data for @prefresh/vite@https://registry.npmjs.org/@prefresh/vite/-/vite-2.4.12.tgz. Extracting by manifest.
1215 silly tarball no local data for magic-string@https://registry.npmjs.org/magic-string/-/magic-string-0.30.21.tgz. Extracting by manifest.
1216 silly tarball no local data for vite-prerender-plugin@https://registry.npmjs.org/vite-prerender-plugin/-/vite-prerender-plugin-0.5.13.tgz. Extracting by manifest.
1217 silly tarball no local data for @rollup/pluginutils@https://registry.npmjs.org/@rollup/pluginutils/-/pluginutils-5.4.0.tgz. Extracting by manifest.
1218 silly tarball no local data for babel-plugin-transform-hook-names@https://registry.npmjs.org/babel-plugin-transform-hook-names/-/babel-plugin-transform-hook-names-1.0.2.tgz. Extracting by manifest.
1219 silly tarball no local data for @babel/plugin-transform-react-jsx-development@https://registry.npmjs.org/@babel/plugin-transform-react-jsx-development/-/plugin-transform-react-jsx-development-7.29.7.tgz. Extracting by manifest.
1220 silly tarball no local data for @babel/plugin-transform-react-jsx@https://registry.npmjs.org/@babel/plugin-transform-react-jsx/-/plugin-transform-react-jsx-7.29.7.tgz. Extracting by manifest.
1221 silly tarball no local data for @jridgewell/resolve-uri@https://registry.npmjs.org/@jridgewell/resolve-uri/-/resolve-uri-3.1.2.tgz. Extracting by manifest.
1222 silly tarball no local data for lru-cache@https://registry.npmjs.org/lru-cache/-/lru-cache-5.1.1.tgz. Extracting by manifest.
1223 silly tarball no local data for @babel/helper-string-parser@https://registry.npmjs.org/@babel/helper-string-parser/-/helper-string-parser-7.29.7.tgz. Extracting by manifest.
1224 silly tarball no local data for browserslist@https://registry.npmjs.org/browserslist/-/browserslist-4.28.4.tgz. Extracting by manifest.
1225 silly tarball no local data for @babel/helper-globals@https://registry.npmjs.org/@babel/helper-globals/-/helper-globals-7.29.7.tgz. Extracting by manifest.
1226 silly tarball no local data for @babel/compat-data@https://registry.npmjs.org/@babel/compat-data/-/compat-data-7.29.7.tgz. Extracting by manifest.
1227 silly tarball no local data for @jridgewell/sourcemap-codec@https://registry.npmjs.org/@jridgewell/sourcemap-codec/-/sourcemap-codec-1.5.5.tgz. Extracting by manifest.
1228 silly tarball no local data for @babel/helper-validator-option@https://registry.npmjs.org/@babel/helper-validator-option/-/helper-validator-option-7.29.7.tgz. Extracting by manifest.
1229 silly tarball no local data for @babel/helper-module-imports@https://registry.npmjs.org/@babel/helper-module-imports/-/helper-module-imports-7.29.7.tgz. Extracting by manifest.
1230 silly tarball no local data for @jridgewell/trace-mapping@https://registry.npmjs.org/@jridgewell/trace-mapping/-/trace-mapping-0.3.31.tgz. Extracting by manifest.
1231 silly tarball no local data for jsesc@https://registry.npmjs.org/jsesc/-/jsesc-3.1.0.tgz. Extracting by manifest.
1232 silly tarball no local data for picocolors@https://registry.npmjs.org/picocolors/-/picocolors-1.1.1.tgz. Extracting by manifest.
1233 silly tarball no local data for js-tokens@https://registry.npmjs.org/js-tokens/-/js-tokens-4.0.0.tgz. Extracting by manifest.
1234 silly tarball no local data for @jridgewell/gen-mapping@https://registry.npmjs.org/@jridgewell/gen-mapping/-/gen-mapping-0.3.13.tgz. Extracting by manifest.
1235 silly tarball no local data for @jridgewell/remapping@https://registry.npmjs.org/@jridgewell/remapping/-/remapping-2.3.5.tgz. Extracting by manifest.
1236 silly tarball no local data for gensync@https://registry.npmjs.org/gensync/-/gensync-1.0.0-beta.2.tgz. Extracting by manifest.
1237 silly tarball no local data for json5@https://registry.npmjs.org/json5/-/json5-2.2.3.tgz. Extracting by manifest.
1238 silly tarball no local data for debug@https://registry.npmjs.org/debug/-/debug-4.4.3.tgz. Extracting by manifest.
1239 silly tarball no local data for convert-source-map@https://registry.npmjs.org/convert-source-map/-/convert-source-map-2.0.0.tgz. Extracting by manifest.
1240 silly tarball no local data for @babel/types@https://registry.npmjs.org/@babel/types/-/types-7.29.7.tgz. Extracting by manifest.
1241 silly tarball no local data for @babel/helper-validator-identifier@https://registry.npmjs.org/@babel/helper-validator-identifier/-/helper-validator-identifier-7.29.7.tgz. Extracting by manifest.
1242 silly tarball no local data for @babel/traverse@https://registry.npmjs.org/@babel/traverse/-/traverse-7.29.7.tgz. Extracting by manifest.
1243 silly tarball no local data for @babel/template@https://registry.npmjs.org/@babel/template/-/template-7.29.7.tgz. Extracting by manifest.
1244 silly tarball no local data for semver@https://registry.npmjs.org/semver/-/semver-6.3.1.tgz. Extracting by manifest.
1245 silly tarball no local data for @babel/parser@https://registry.npmjs.org/@babel/parser/-/parser-7.29.7.tgz. Extracting by manifest.
1246 silly tarball no local data for @babel/helper-module-transforms@https://registry.npmjs.org/@babel/helper-module-transforms/-/helper-module-transforms-7.29.7.tgz. Extracting by manifest.
1247 silly tarball no local data for @babel/code-frame@https://registry.npmjs.org/@babel/code-frame/-/code-frame-7.29.7.tgz. Extracting by manifest.
1248 silly tarball no local data for typescript@https://registry.npmjs.org/typescript/-/typescript-5.9.3.tgz. Extracting by manifest.
1249 silly tarball no local data for preact@https://registry.npmjs.org/preact/-/preact-10.29.3.tgz. Extracting by manifest.
1250 silly tarball no local data for maplibre-gl@https://registry.npmjs.org/maplibre-gl/-/maplibre-gl-4.7.1.tgz. Extracting by manifest.
1251 silly tarball no local data for lucide-preact@https://registry.npmjs.org/lucide-preact/-/lucide-preact-0.468.0.tgz. Extracting by manifest.
1252 silly tarball no local data for vite@https://registry.npmjs.org/vite/-/vite-5.4.21.tgz. Extracting by manifest.
1253 silly tarball no local data for quickselect@https://registry.npmjs.org/quickselect/-/quickselect-2.0.0.tgz. Extracting by manifest.
1254 silly tarball no local data for @preact/preset-vite@https://registry.npmjs.org/@preact/preset-vite/-/preset-vite-2.10.5.tgz. Extracting by manifest.
1255 silly tarball no local data for @rollup/pluginutils@https://registry.npmjs.org/@rollup/pluginutils/-/pluginutils-4.2.1.tgz. Extracting by manifest.
1256 silly tarball no local data for picomatch@https://registry.npmjs.org/picomatch/-/picomatch-2.3.2.tgz. Extracting by manifest.
1257 silly tarball no local data for @babel/helper-compilation-targets@https://registry.npmjs.org/@babel/helper-compilation-targets/-/helper-compilation-targets-7.29.7.tgz. Extracting by manifest.
1258 silly tarball no local data for @babel/core@https://registry.npmjs.org/@babel/core/-/core-7.29.7.tgz. Extracting by manifest.
1259 silly tarball no local data for @babel/helpers@https://registry.npmjs.org/@babel/helpers/-/helpers-7.29.7.tgz. Extracting by manifest.
1260 silly tarball no local data for @babel/generator@https://registry.npmjs.org/@babel/generator/-/generator-7.29.7.tgz. Extracting by manifest.
1261 http fetch POST 200 https://registry.npmjs.org/-/npm/v1/security/advisories/bulk 443ms
1262 silly audit report {
1262 silly audit report   vite: [
1262 silly audit report     {
1262 silly audit report       id: 1120784,
1262 silly audit report       url: 'https://github.com/advisories/GHSA-v6wh-96g9-6wx3',
1262 silly audit report       title: 'launch-editor: NTLMv2 hash disclosure via UNC path handling on Windows',
1262 silly audit report       severity: 'moderate',
1262 silly audit report       vulnerable_versions: '<=6.4.2',
1262 silly audit report       cwe: [Array],
1262 silly audit report       cvss: [Object]
1262 silly audit report     },
1262 silly audit report     {
1262 silly audit report       id: 1120789,
1262 silly audit report       url: 'https://github.com/advisories/GHSA-fx2h-pf6j-xcff',
1262 silly audit report       title: 'vite: `server.fs.deny` bypass on Windows alternate paths',
1262 silly audit report       severity: 'high',
1262 silly audit report       vulnerable_versions: '<=6.4.2',
1262 silly audit report       cwe: [Array],
1262 silly audit report       cvss: [Object]
1262 silly audit report     },
1262 silly audit report     {
1262 silly audit report       id: 1116229,
1262 silly audit report       url: 'https://github.com/advisories/GHSA-4w7w-66w2-5vf9',
1262 silly audit report       title: 'Vite Vulnerable to Path Traversal in Optimized Deps `.map` Handling',
1262 silly audit report       severity: 'moderate',
1262 silly audit report       vulnerable_versions: '<=6.4.1',
1262 silly audit report       cwe: [Array],
1262 silly audit report       cvss: [Object]
1262 silly audit report     }
1262 silly audit report   ],
1262 silly audit report   esbuild: [
1262 silly audit report     {
1262 silly audit report       id: 1102341,
1262 silly audit report       url: 'https://github.com/advisories/GHSA-67mh-4wv8-2f99',
1262 silly audit report       title: 'esbuild enables any website to send any requests to the development server and read the response',
1262 silly audit report       severity: 'moderate',
1262 silly audit report       vulnerable_versions: '<=0.24.2',
1262 silly audit report       cwe: [Array],
1262 silly audit report       cvss: [Object]
1262 silly audit report     }
1262 silly audit report   ]
1262 silly audit report }
1263 silly packumentCache corgi:https://registry.npmjs.org/vite cache-miss
1264 silly packumentCache corgi:https://registry.npmjs.org/esbuild cache-miss
1265 http fetch GET 200 https://registry.npmjs.org/domelementtype/-/domelementtype-2.3.0.tgz 392ms (cache miss)
1266 http fetch GET 200 https://registry.npmjs.org/domhandler/-/domhandler-5.0.3.tgz 399ms (cache miss)
1267 http fetch GET 200 https://registry.npmjs.org/dom-serializer/-/dom-serializer-2.0.0.tgz 417ms (cache miss)
1268 http fetch GET 200 https://registry.npmjs.org/nth-check/-/nth-check-2.1.1.tgz 601ms (cache miss)
1269 http fetch GET 200 https://registry.npmjs.org/source-map-js/-/source-map-js-1.2.1.tgz 525ms (cache miss)
1270 http fetch GET 200 https://registry.npmjs.org/isexe/-/isexe-3.1.5.tgz 678ms (cache miss)
1271 http fetch GET 200 https://registry.npmjs.org/domutils/-/domutils-3.2.2.tgz 799ms (cache miss)
1272 http fetch GET 200 https://registry.npmjs.org/entities/-/entities-4.5.0.tgz 824ms (cache miss)
1273 http fetch GET 200 https://registry.npmjs.org/node-html-parser/-/node-html-parser-6.1.13.tgz 847ms (cache miss)
1274 http fetch GET 200 https://registry.npmjs.org/escalade/-/escalade-3.2.0.tgz 1079ms (cache miss)
1275 http fetch GET 200 https://registry.npmjs.org/stack-trace/-/stack-trace-1.0.0.tgz 1095ms (cache miss)
1276 http fetch GET 200 https://registry.npmjs.org/boolbase/-/boolbase-1.0.0.tgz 1167ms (cache miss)
1277 http fetch GET 200 https://registry.npmjs.org/simple-code-frame/-/simple-code-frame-1.3.0.tgz 1180ms (cache miss)
1278 http fetch GET 200 https://registry.npmjs.org/he/-/he-1.2.0.tgz 1216ms (cache miss)
1279 http fetch GET 200 https://registry.npmjs.org/postcss/-/postcss-8.5.16.tgz 1188ms (cache miss)
1280 http fetch GET 200 https://registry.npmjs.org/esbuild/-/esbuild-0.21.5.tgz 1217ms (cache miss)
1281 http fetch GET 200 https://registry.npmjs.org/kolorist/-/kolorist-1.8.0.tgz 1287ms (cache miss)
1282 http fetch GET 200 https://registry.npmjs.org/css-what/-/css-what-6.2.2.tgz 1359ms (cache miss)
1283 http fetch GET 200 https://registry.npmjs.org/source-map/-/source-map-0.7.6.tgz 1405ms (cache miss)
1284 http fetch GET 200 https://registry.npmjs.org/which/-/which-4.0.0.tgz 1333ms (cache miss)
1285 http fetch GET 200 https://registry.npmjs.org/css-select/-/css-select-5.2.2.tgz 1454ms (cache miss)
1286 http fetch GET 200 https://registry.npmjs.org/resolve-protobuf-schema/-/resolve-protobuf-schema-2.1.0.tgz 1537ms (cache miss)
1287 http fetch GET 200 https://registry.npmjs.org/protocol-buffers-schema/-/protocol-buffers-schema-3.6.1.tgz 1553ms (cache miss)
1288 http fetch GET 200 https://registry.npmjs.org/ieee754/-/ieee754-1.2.1.tgz 1554ms (cache miss)
1289 http fetch GET 200 https://registry.npmjs.org/ini/-/ini-4.1.3.tgz 1565ms (cache miss)
1290 http fetch GET 200 https://registry.npmjs.org/json-stringify-pretty-compact/-/json-stringify-pretty-compact-4.0.0.tgz 1594ms (cache miss)
1291 http fetch GET 200 https://registry.npmjs.org/vt-pbf/-/vt-pbf-3.1.3.tgz 1617ms (cache miss)
1292 http fetch GET 200 https://registry.npmjs.org/kind-of/-/kind-of-6.0.3.tgz 1632ms (cache miss)
1293 http fetch GET 200 https://registry.npmjs.org/tinyqueue/-/tinyqueue-3.0.0.tgz 1628ms (cache miss)
1294 http fetch GET 200 https://registry.npmjs.org/get-stream/-/get-stream-6.0.1.tgz 1635ms (cache miss)
1295 http fetch GET 200 https://registry.npmjs.org/global-prefix/-/global-prefix-4.0.0.tgz 1703ms (cache miss)
1296 http fetch GET 200 https://registry.npmjs.org/potpack/-/potpack-2.1.0.tgz 1711ms (cache miss)
1297 http fetch GET 200 https://registry.npmjs.org/murmurhash-js/-/murmurhash-js-1.0.0.tgz 1713ms (cache miss)
1298 http fetch GET 200 https://registry.npmjs.org/quickselect/-/quickselect-3.0.0.tgz 1716ms (cache miss)
1299 http fetch GET 200 https://registry.npmjs.org/supercluster/-/supercluster-8.0.1.tgz 1735ms (cache miss)
1300 http fetch GET 200 https://registry.npmjs.org/kdbush/-/kdbush-4.1.0.tgz 1732ms (cache miss)
1301 http fetch GET 200 https://registry.npmjs.org/pbf/-/pbf-3.3.0.tgz 1741ms (cache miss)
1302 http fetch GET 200 https://registry.npmjs.org/earcut/-/earcut-3.1.0.tgz 1748ms (cache miss)
1303 http fetch GET 200 https://registry.npmjs.org/geojson-vt/-/geojson-vt-4.0.3.tgz 1763ms (cache miss)
1304 http fetch GET 200 https://registry.npmjs.org/minimist/-/minimist-1.2.8.tgz 1784ms (cache miss)
1305 http fetch GET 200 https://registry.npmjs.org/rw/-/rw-1.3.3.tgz 1787ms (cache miss)
1306 http fetch GET 200 https://registry.npmjs.org/@types/geojson/-/geojson-7946.0.16.tgz 2077ms (cache miss)
1307 http fetch GET 200 https://registry.npmjs.org/@types/geojson-vt/-/geojson-vt-3.2.5.tgz 2078ms (cache miss)
1308 http fetch GET 200 https://registry.npmjs.org/@types/mapbox__vector-tile/-/mapbox__vector-tile-1.3.4.tgz 2083ms (cache miss)
1309 http fetch GET 200 https://registry.npmjs.org/@types/supercluster/-/supercluster-7.1.3.tgz 2087ms (cache miss)
1310 http fetch GET 200 https://registry.npmjs.org/@types/mapbox__point-geometry/-/mapbox__point-geometry-0.1.4.tgz 2082ms (cache miss)
1311 http fetch GET 200 https://registry.npmjs.org/gl-matrix/-/gl-matrix-3.4.4.tgz 2189ms (cache miss)
1312 http fetch GET 200 https://registry.npmjs.org/@types/pbf/-/pbf-3.0.5.tgz 2337ms (cache miss)
1313 http fetch GET 200 https://registry.npmjs.org/ms/-/ms-2.1.3.tgz 2334ms (cache miss)
1314 http fetch GET 200 https://registry.npmjs.org/@mapbox/point-geometry/-/point-geometry-0.1.0.tgz 2342ms (cache miss)
1315 http fetch GET 200 https://registry.npmjs.org/@mapbox/unitbezier/-/unitbezier-0.0.1.tgz 2354ms (cache miss)
1316 http fetch GET 200 https://registry.npmjs.org/@mapbox/whoots-js/-/whoots-js-3.1.0.tgz 2357ms (cache miss)
1317 http fetch GET 200 https://registry.npmjs.org/@mapbox/tiny-sdf/-/tiny-sdf-2.2.0.tgz 2386ms (cache miss)
1318 http fetch GET 200 https://registry.npmjs.org/nanoid/-/nanoid-3.3.15.tgz 2395ms (cache miss)
1319 http fetch GET 200 https://registry.npmjs.org/@mapbox/jsonlint-lines-primitives/-/jsonlint-lines-primitives-2.0.3.tgz 2399ms (cache miss)
1320 http fetch GET 200 https://registry.npmjs.org/node-releases/-/node-releases-2.0.50.tgz 2635ms (cache miss)
1321 http fetch GET 200 https://registry.npmjs.org/yallist/-/yallist-3.1.1.tgz 2650ms (cache miss)
1322 http fetch GET 200 https://registry.npmjs.org/update-browserslist-db/-/update-browserslist-db-1.2.3.tgz 2658ms (cache miss)
1323 http fetch GET 200 https://registry.npmjs.org/@prefresh/utils/-/utils-1.2.1.tgz 2672ms (cache miss)
1324 http fetch GET 200 https://registry.npmjs.org/electron-to-chromium/-/electron-to-chromium-1.5.381.tgz 2677ms (cache miss)
1325 http fetch GET 200 https://registry.npmjs.org/estree-walker/-/estree-walker-2.0.2.tgz 2684ms (cache miss)
1326 http fetch GET 200 https://registry.npmjs.org/@mapbox/vector-tile/-/vector-tile-1.3.1.tgz 2708ms (cache miss)
1327 http fetch GET 200 https://registry.npmjs.org/picomatch/-/picomatch-4.0.4.tgz 2705ms (cache miss)
1328 http fetch GET 200 https://registry.npmjs.org/@mapbox/geojson-rewind/-/geojson-rewind-0.5.2.tgz 2937ms (cache miss)
1329 http fetch GET 200 https://registry.npmjs.org/@types/estree/-/estree-1.0.9.tgz 2988ms (cache miss)
1330 http fetch GET 200 https://registry.npmjs.org/@babel/helper-annotate-as-pure/-/helper-annotate-as-pure-7.29.7.tgz 2994ms (cache miss)
1331 http fetch GET 200 https://registry.npmjs.org/@babel/plugin-syntax-jsx/-/plugin-syntax-jsx-7.29.7.tgz 3006ms (cache miss)
1332 http fetch GET 200 https://registry.npmjs.org/@babel/helper-plugin-utils/-/helper-plugin-utils-7.29.7.tgz 3000ms (cache miss)
1333 http fetch GET 200 https://registry.npmjs.org/zimmerframe/-/zimmerframe-1.1.4.tgz 3010ms (cache miss)
1334 http fetch GET 200 https://registry.npmjs.org/baseline-browser-mapping/-/baseline-browser-mapping-2.10.40.tgz 3017ms (cache miss)
1335 http fetch GET 200 https://registry.npmjs.org/@prefresh/core/-/core-1.5.10.tgz 3040ms (cache miss)
1336 http fetch GET 200 https://registry.npmjs.org/@prefresh/vite/-/vite-2.4.12.tgz 3442ms (cache miss)
1337 http fetch GET 200 https://registry.npmjs.org/@rollup/pluginutils/-/pluginutils-5.4.0.tgz 3464ms (cache miss)
1338 http fetch GET 200 https://registry.npmjs.org/@babel/plugin-transform-react-jsx-development/-/plugin-transform-react-jsx-development-7.29.7.tgz 3463ms (cache miss)
1339 http fetch GET 200 https://registry.npmjs.org/@prefresh/babel-plugin/-/babel-plugin-0.5.3.tgz 3495ms (cache miss)
1340 http fetch GET 200 https://registry.npmjs.org/@jridgewell/resolve-uri/-/resolve-uri-3.1.2.tgz 3492ms (cache miss)
1341 http fetch GET 200 https://registry.npmjs.org/@babel/plugin-transform-react-jsx/-/plugin-transform-react-jsx-7.29.7.tgz 3496ms (cache miss)
1342 http fetch GET 200 https://registry.npmjs.org/vite-prerender-plugin/-/vite-prerender-plugin-0.5.13.tgz 3505ms (cache miss)
1343 http fetch GET 200 https://registry.npmjs.org/babel-plugin-transform-hook-names/-/babel-plugin-transform-hook-names-1.0.2.tgz 3505ms (cache miss)
1344 http fetch GET 200 https://registry.npmjs.org/rollup/-/rollup-4.62.2.tgz 3690ms (cache miss)
1345 http fetch GET 200 https://registry.npmjs.org/magic-string/-/magic-string-0.30.21.tgz 3628ms (cache miss)
1346 http fetch GET 200 https://registry.npmjs.org/lru-cache/-/lru-cache-5.1.1.tgz 3794ms (cache miss)
1347 http fetch GET 200 https://registry.npmjs.org/browserslist/-/browserslist-4.28.4.tgz 3833ms (cache miss)
1348 http fetch GET 200 https://registry.npmjs.org/@babel/helper-validator-option/-/helper-validator-option-7.29.7.tgz 3839ms (cache miss)
1349 http fetch GET 200 https://registry.npmjs.org/@babel/helper-string-parser/-/helper-string-parser-7.29.7.tgz 3852ms (cache miss)
1350 http fetch GET 200 https://registry.npmjs.org/jsesc/-/jsesc-3.1.0.tgz 3845ms (cache miss)
1351 http fetch GET 200 https://registry.npmjs.org/@babel/helper-globals/-/helper-globals-7.29.7.tgz 3854ms (cache miss)
1352 http fetch GET 200 https://registry.npmjs.org/@babel/helper-module-imports/-/helper-module-imports-7.29.7.tgz 3860ms (cache miss)
1353 http fetch GET 200 https://registry.npmjs.org/@babel/compat-data/-/compat-data-7.29.7.tgz 3870ms (cache miss)
1354 http fetch GET 200 https://registry.npmjs.org/@jridgewell/sourcemap-codec/-/sourcemap-codec-1.5.5.tgz 3889ms (cache miss)
1355 http fetch GET 200 https://registry.npmjs.org/@rollup/rollup-win32-x64-gnu/-/rollup-win32-x64-gnu-4.62.2.tgz 4001ms (cache miss)
1356 http fetch GET 200 https://registry.npmjs.org/@jridgewell/trace-mapping/-/trace-mapping-0.3.31.tgz 3925ms (cache miss)
1357 http fetch GET 200 https://registry.npmjs.org/picocolors/-/picocolors-1.1.1.tgz 3976ms (cache miss)
1358 http fetch GET 200 https://registry.npmjs.org/debug/-/debug-4.4.3.tgz 4041ms (cache miss)
1359 http fetch GET 200 https://registry.npmjs.org/json5/-/json5-2.2.3.tgz 4072ms (cache miss)
1360 http fetch GET 200 https://registry.npmjs.org/js-tokens/-/js-tokens-4.0.0.tgz 4121ms (cache miss)
1361 http fetch GET 200 https://registry.npmjs.org/gensync/-/gensync-1.0.0-beta.2.tgz 4143ms (cache miss)
1362 http fetch GET 200 https://registry.npmjs.org/convert-source-map/-/convert-source-map-2.0.0.tgz 4138ms (cache miss)
1363 http fetch GET 200 https://registry.npmjs.org/@babel/helper-validator-identifier/-/helper-validator-identifier-7.29.7.tgz 4175ms (cache miss)
1364 http fetch GET 200 https://registry.npmjs.org/@jridgewell/remapping/-/remapping-2.3.5.tgz 4192ms (cache miss)
1365 http fetch GET 200 https://registry.npmjs.org/@jridgewell/gen-mapping/-/gen-mapping-0.3.13.tgz 4209ms (cache miss)
1366 http fetch GET 200 https://registry.npmjs.org/@babel/template/-/template-7.29.7.tgz 4203ms (cache miss)
1367 http fetch GET 200 https://registry.npmjs.org/@babel/helper-module-transforms/-/helper-module-transforms-7.29.7.tgz 4449ms (cache miss)
1368 http fetch GET 200 https://registry.npmjs.org/semver/-/semver-6.3.1.tgz 4455ms (cache miss)
1369 http fetch GET 200 https://registry.npmjs.org/caniuse-lite/-/caniuse-lite-1.0.30001799.tgz 4699ms (cache miss)
1370 http fetch GET 200 https://registry.npmjs.org/@rollup/rollup-win32-x64-msvc/-/rollup-win32-x64-msvc-4.62.2.tgz 4749ms (cache miss)
1371 http fetch GET 200 https://registry.npmjs.org/quickselect/-/quickselect-2.0.0.tgz 4761ms (cache miss)
1372 http fetch GET 200 https://registry.npmjs.org/@babel/code-frame/-/code-frame-7.29.7.tgz 4800ms (cache miss)
1373 http fetch GET 200 https://registry.npmjs.org/@rollup/pluginutils/-/pluginutils-4.2.1.tgz 4955ms (cache miss)
1374 http fetch GET 200 https://registry.npmjs.org/@babel/traverse/-/traverse-7.29.7.tgz 5019ms (cache miss)
1375 http fetch GET 200 https://registry.npmjs.org/@babel/helper-compilation-targets/-/helper-compilation-targets-7.29.7.tgz 5323ms (cache miss)
1376 http fetch GET 200 https://registry.npmjs.org/@babel/types/-/types-7.29.7.tgz 5614ms (cache miss)
1377 http fetch GET 200 https://registry.npmjs.org/picomatch/-/picomatch-2.3.2.tgz 5705ms (cache miss)
1378 http fetch GET 200 https://registry.npmjs.org/@babel/parser/-/parser-7.29.7.tgz 6760ms (cache miss)
1379 http fetch GET 200 https://registry.npmjs.org/@preact/preset-vite/-/preset-vite-2.10.5.tgz 6777ms (cache miss)
1380 http fetch GET 200 https://registry.npmjs.org/@babel/helpers/-/helpers-7.29.7.tgz 6877ms (cache miss)
1381 http fetch GET 200 https://registry.npmjs.org/@babel/core/-/core-7.29.7.tgz 7057ms (cache miss)
1382 http fetch GET 200 https://registry.npmjs.org/preact/-/preact-10.29.3.tgz 7109ms (cache miss)
1383 http fetch GET 200 https://registry.npmjs.org/@babel/generator/-/generator-7.29.7.tgz 7261ms (cache miss)
1384 http fetch GET 200 https://registry.npmjs.org/@maplibre/maplibre-gl-style-spec/-/maplibre-gl-style-spec-20.4.0.tgz 7846ms (cache miss)
1385 http fetch GET 200 https://registry.npmjs.org/vite 7721ms (cache miss)
1386 silly packumentCache corgi:https://registry.npmjs.org/vite set size:undefined disposed:false
1387 http fetch GET 200 https://registry.npmjs.org/esbuild 7877ms (cache miss)
1388 silly packumentCache corgi:https://registry.npmjs.org/esbuild set size:undefined disposed:false
1389 silly packumentCache corgi:https://registry.npmjs.org/@preact%2fpreset-vite cache-miss
1390 silly packumentCache corgi:https://registry.npmjs.org/@prefresh%2fvite cache-miss
1391 silly packumentCache corgi:https://registry.npmjs.org/vite-prerender-plugin cache-miss
1392 http fetch GET 200 https://registry.npmjs.org/vite-prerender-plugin 209ms (cache miss)
1393 silly packumentCache corgi:https://registry.npmjs.org/vite-prerender-plugin set size:undefined disposed:false
1394 http fetch GET 200 https://registry.npmjs.org/@prefresh%2fvite 272ms (cache miss)
1395 silly packumentCache corgi:https://registry.npmjs.org/@prefresh%2fvite set size:undefined disposed:false
1396 http fetch GET 200 https://registry.npmjs.org/@preact%2fpreset-vite 297ms (cache miss)
1397 silly packumentCache corgi:https://registry.npmjs.org/@preact%2fpreset-vite set size:undefined disposed:false
1398 http fetch GET 200 https://registry.npmjs.org/vite/-/vite-5.4.21.tgz 8602ms (cache miss)
1399 http fetch GET 200 https://registry.npmjs.org/lucide-preact/-/lucide-preact-0.468.0.tgz 14157ms (cache miss)
1400 http fetch GET 200 https://registry.npmjs.org/@esbuild/win32-x64/-/win32-x64-0.21.5.tgz 16439ms (cache miss)
1401 http fetch GET 200 https://registry.npmjs.org/typescript/-/typescript-5.9.3.tgz 19445ms (cache miss)
1402 http fetch GET 200 https://registry.npmjs.org/maplibre-gl/-/maplibre-gl-4.7.1.tgz 26581ms (cache miss)
1403 info run esbuild@0.21.5 postinstall node_modules/esbuild node install.js
1404 info run esbuild@0.21.5 postinstall { code: 0, signal: null }
1405 silly ADD node_modules/isexe
1406 silly ADD node_modules/entities
1407 silly ADD node_modules/dom-serializer
1408 silly ADD node_modules/domelementtype
1409 silly ADD node_modules/nth-check
1410 silly ADD node_modules/domutils
1411 silly ADD node_modules/domhandler
1412 silly ADD node_modules/css-what
1413 silly ADD node_modules/boolbase
1414 silly ADD node_modules/he
1415 silly ADD node_modules/css-select
1416 silly ADD node_modules/stack-trace
1417 silly ADD node_modules/source-map
1418 silly ADD node_modules/simple-code-frame
1419 silly ADD node_modules/node-html-parser
1420 silly ADD node_modules/kolorist
1421 silly ADD node_modules/@rollup/rollup-win32-x64-msvc
1422 silly ADD node_modules/@rollup/rollup-win32-x64-gnu
1423 silly ADD node_modules/source-map-js
1424 silly ADD node_modules/nanoid
1425 silly ADD node_modules/@esbuild/win32-x64
1426 silly ADD node_modules/rollup
1427 silly ADD node_modules/postcss
1428 silly ADD node_modules/esbuild
1429 silly ADD node_modules/escalade
1430 silly ADD node_modules/protocol-buffers-schema
1431 silly ADD node_modules/resolve-protobuf-schema
1432 silly ADD node_modules/ieee754
1433 silly ADD node_modules/which
1434 silly ADD node_modules/kind-of
1435 silly ADD node_modules/ini
1436 silly ADD node_modules/rw
1437 silly ADD node_modules/json-stringify-pretty-compact
1438 silly ADD node_modules/minimist
1439 silly ADD node_modules/get-stream
1440 silly ADD node_modules/vt-pbf
1441 silly ADD node_modules/tinyqueue
1442 silly ADD node_modules/supercluster
1443 silly ADD node_modules/quickselect
1444 silly ADD node_modules/potpack
1445 silly ADD node_modules/pbf
1446 silly ADD node_modules/murmurhash-js
1447 silly ADD node_modules/kdbush
1448 silly ADD node_modules/global-prefix
1449 silly ADD node_modules/gl-matrix
1450 silly ADD node_modules/geojson-vt
1451 silly ADD node_modules/earcut
1452 silly ADD node_modules/@types/supercluster
1453 silly ADD node_modules/@types/pbf
1454 silly ADD node_modules/@types/mapbox__vector-tile
1455 silly ADD node_modules/@types/mapbox__point-geometry
1456 silly ADD node_modules/@types/geojson-vt
1457 silly ADD node_modules/@types/geojson
1458 silly ADD node_modules/@maplibre/maplibre-gl-style-spec
1459 silly ADD node_modules/@maplibre/maplibre-gl-style-spec/node_modules/quickselect
1460 silly ADD node_modules/@mapbox/whoots-js
1461 silly ADD node_modules/@mapbox/vector-tile
1462 silly ADD node_modules/@mapbox/unitbezier
1463 silly ADD node_modules/@mapbox/tiny-sdf
1464 silly ADD node_modules/@mapbox/point-geometry
1465 silly ADD node_modules/@mapbox/jsonlint-lines-primitives
1466 silly ADD node_modules/@mapbox/geojson-rewind
1467 silly ADD node_modules/yallist
1468 silly ADD node_modules/ms
1469 silly ADD node_modules/update-browserslist-db
1470 silly ADD node_modules/node-releases
1471 silly ADD node_modules/electron-to-chromium
1472 silly ADD node_modules/caniuse-lite
1473 silly ADD node_modules/baseline-browser-mapping
1474 silly ADD node_modules/picomatch
1475 silly ADD node_modules/estree-walker
1476 silly ADD node_modules/@types/estree
1477 silly ADD node_modules/@prefresh/utils
1478 silly ADD node_modules/@prefresh/core
1479 silly ADD node_modules/@prefresh/babel-plugin
1480 silly ADD node_modules/@babel/plugin-syntax-jsx
1481 silly ADD node_modules/@babel/helper-plugin-utils
1482 silly ADD node_modules/@babel/helper-annotate-as-pure
1483 silly ADD node_modules/zimmerframe
1484 silly ADD node_modules/vite-prerender-plugin
1485 silly ADD node_modules/magic-string
1486 silly ADD node_modules/babel-plugin-transform-hook-names
1487 silly ADD node_modules/@rollup/pluginutils
1488 silly ADD node_modules/@prefresh/vite
1489 silly ADD node_modules/@prefresh/vite/node_modules/picomatch
1490 silly ADD node_modules/@prefresh/vite/node_modules/@rollup/pluginutils
1491 silly ADD node_modules/@babel/plugin-transform-react-jsx-development
1492 silly ADD node_modules/@babel/plugin-transform-react-jsx
1493 silly ADD node_modules/@jridgewell/resolve-uri
1494 silly ADD node_modules/@jridgewell/sourcemap-codec
1495 silly ADD node_modules/@babel/helper-string-parser
1496 silly ADD node_modules/@babel/helper-globals
1497 silly ADD node_modules/@babel/helper-module-imports
1498 silly ADD node_modules/lru-cache
1499 silly ADD node_modules/browserslist
1500 silly ADD node_modules/@babel/helper-validator-option
1501 silly ADD node_modules/@babel/compat-data
1502 silly ADD node_modules/jsesc
1503 silly ADD node_modules/@jridgewell/trace-mapping
1504 silly ADD node_modules/@jridgewell/gen-mapping
1505 silly ADD node_modules/picocolors
1506 silly ADD node_modules/js-tokens
1507 silly ADD node_modules/@babel/helper-validator-identifier
1508 silly ADD node_modules/semver
1509 silly ADD node_modules/json5
1510 silly ADD node_modules/gensync
1511 silly ADD node_modules/debug
1512 silly ADD node_modules/convert-source-map
1513 silly ADD node_modules/@jridgewell/remapping
1514 silly ADD node_modules/@babel/types
1515 silly ADD node_modules/@babel/traverse
1516 silly ADD node_modules/@babel/template
1517 silly ADD node_modules/@babel/parser
1518 silly ADD node_modules/@babel/helpers
1519 silly ADD node_modules/@babel/helper-module-transforms
1520 silly ADD node_modules/@babel/helper-compilation-targets
1521 silly ADD node_modules/@babel/generator
1522 silly ADD node_modules/@babel/code-frame
1523 silly ADD node_modules/typescript
1524 silly ADD node_modules/maplibre-gl
1525 silly ADD node_modules/preact
1526 silly ADD node_modules/lucide-preact
1527 silly ADD node_modules/vite
1528 silly ADD node_modules/@babel/core
1529 silly ADD node_modules/@preact/preset-vite
1530 verbose cwd C:\Users\Natsu\Documents\Codex\2026-06-29\build-a-google-maps-style-campus
1531 verbose os Windows_NT 10.0.26200
1532 verbose node v24.14.1
1533 verbose npm  v11.11.0
1534 verbose exit 0
1535 info ok
